Latitude__,Longitude,Month,Year,Encounters
-14.405,131.585,6,2021,1
-14.403,131.584,6,2021,1
-14.402,131.584,6,2021,1
-14.4,131.585,6,2021,1
-14.397,131.585,6,2021,2
-14.395,131.586,6,2021,2
-14.393,131.585,6,2021,1
-14.39,131.583,6,2021,2
-14.389,131.583,6,2021,1
-14.386,131.58,6,2021,1
-14.384,131.58,6,2021,4
-14.383,131.58,6,2021,1
-14.382,131.58,6,2021,1
-14.38,131.579,6,2021,1
-14.377,131.579,6,2021,2
-14.373,131.577,6,2021,1
-14.373,131.578,6,2021,1
-14.365,131.557,6,2021,1
-14.365,131.562,6,2021,2
-14.364,131.575,6,2021,1
-14.362,131.565,6,2021,1
-14.362,131.575,6,2021,1
-14.36,131.568,6,2021,1
-14.36,131.576,6,2021,1
-14.357,131.572,6,2021,1
-14.066,131.227,6,2021,3
-14.065,131.226,6,2021,1
-14.065,131.227,6,2021,1
-14.058,131.224,6,2021,1
-14.056,131.221,6,2021,1
-14.054,131.218,6,2021,1
-14.054,131.219,6,2021,1
-14.053,131.214,6,2021,1
-14.053,131.215,6,2021,1
-14.053,131.216,6,2021,1
-14.052,131.212,6,2021,1
-14.049,131.209,6,2021,5
-14.044,131.211,6,2021,1
-14.04,131.213,6,2021,1
-14.031,131.216,6,2021,1
-14.028,131.216,6,2021,1
-14.025,131.217,6,2021,2
-14.022,131.219,6,2021,1
-14.021,131.223,6,2021,2
-14.021,131.224,6,2021,2
-14.021,131.225,6,2021,1
-14.021,131.23,6,2021,2
-14.02,131.235,6,2021,1
-14.018,131.238,6,2021,1
-14.018,131.239,6,2021,1
-14.013,131.242,6,2021,2
-14.012,131.242,6,2021,1
-14.011,131.243,6,2021,1
-14.01,131.243,6,2021,2
-14.007,131.242,6,2021,8
-14.006,131.241,6,2021,4
-14.005,131.241,6,2021,1
-14.004,131.239,6,2021,1
-14.002,131.236,6,2021,2
-14.001,131.233,6,2021,1
-14.0,131.231,6,2021,1
-13.998,131.227,6,2021,1
-13.998,131.228,6,2021,2
-13.995,131.226,6,2021,1
-13.994,131.226,6,2021,1
-13.993,131.226,6,2021,1
-13.992,131.227,6,2021,1
-13.99,131.227,6,2021,1
-13.987,131.227,6,2021,1
-13.986,131.226,6,2021,1
-13.984,131.224,6,2021,3
-13.983,131.216,6,2021,2
-13.983,131.221,6,2021,2
-13.983,131.223,6,2021,3
-13.981,131.214,6,2021,1
-13.98,131.213,6,2021,1
-13.979,131.213,6,2021,1
-13.978,131.213,6,2021,1
-13.976,131.213,6,2021,1
-13.969,131.2,6,2021,1
-13.968,131.203,6,2021,1
-13.968,131.204,6,2021,1
-13.968,131.212,6,2021,1
-13.967,131.206,6,2021,1
-13.967,131.207,6,2021,1
-13.967,131.208,6,2021,1
-13.967,131.209,6,2021,2
-13.967,131.21,6,2021,1
-13.964,131.194,6,2021,3
-13.963,131.194,6,2021,3
-13.961,131.193,6,2021,1
-13.958,131.194,6,2021,3
-13.955,131.194,6,2021,2
-13.952,131.195,6,2021,1
-13.951,130.854,6,2021,1
-13.95,130.848,6,2021,2
-13.95,130.85,6,2021,1
-13.95,130.851,6,2021,2
-13.95,130.856,6,2021,1
-13.949,130.844,6,2021,2
-13.949,130.846,6,2021,1
-13.949,131.195,6,2021,1
-13.948,130.843,6,2021,2
-13.948,130.857,6,2021,1
-13.947,130.857,6,2021,1
-13.947,130.858,6,2021,2
-13.946,130.841,6,2021,2
-13.946,130.842,6,2021,4
-13.944,130.841,6,2021,1
-13.944,130.862,6,2021,2
-13.944,130.863,6,2021,1
-13.944,131.193,6,2021,1
-13.944,131.194,6,2021,1
-13.943,130.84,6,2021,3
-13.943,130.864,6,2021,1
-13.943,130.865,6,2021,1
-13.943,130.867,6,2021,2
-13.943,131.191,6,2021,1
-13.943,131.192,6,2021,1
-13.942,130.867,6,2021,1
-13.942,130.868,6,2021,1
-13.942,131.188,6,2021,2
-13.942,131.19,6,2021,1
-13.941,130.84,6,2021,1
-13.941,130.869,6,2021,2
-13.941,130.87,6,2021,1
-13.941,130.871,6,2021,2
-13.941,131.185,6,2021,1
-13.941,131.187,6,2021,2
-13.94,130.84,6,2021,1
-13.94,130.873,6,2021,6
-13.939,130.874,6,2021,10
-13.939,131.183,6,2021,1
-13.939,131.184,6,2021,1
-13.938,130.84,6,2021,3
-13.936,131.182,6,2021,2
-13.935,131.181,6,2021,1
-13.934,130.876,6,2021,1
-13.934,131.182,6,2021,1
-13.933,130.841,6,2021,2
-13.933,130.876,6,2021,1
-13.933,131.182,6,2021,2
-13.932,130.841,6,2021,1
-13.932,130.876,6,2021,1
-13.932,131.182,6,2021,1
-13.931,130.842,6,2021,1
-13.931,130.876,6,2021,1
-13.931,131.182,6,2021,1
-13.931,131.183,6,2021,1
-13.929,131.184,6,2021,1
-13.928,131.186,6,2021,2
-13.927,130.841,6,2021,2
-13.927,130.877,6,2021,1
-13.927,131.188,6,2021,1
-13.927,131.189,6,2021,1
-13.927,131.19,6,2021,3
-13.925,130.877,6,2021,1
-13.924,130.84,6,2021,1
-13.924,130.878,6,2021,1
-13.924,131.198,6,2021,1
-13.923,130.878,6,2021,2
-13.923,131.199,6,2021,2
-13.922,131.2,6,2021,1
-13.922,131.201,6,2021,1
-13.92,130.88,6,2021,1
-13.92,130.924,6,2021,6
-13.92,130.925,6,2021,2
-13.92,130.926,6,2021,2
-13.919,130.837,6,2021,1
-13.919,130.923,6,2021,6
-13.918,130.837,6,2021,1
-13.918,130.881,6,2021,1
-13.917,130.921,6,2021,2
-13.917,130.922,6,2021,1
-13.917,130.935,6,2021,2
-13.917,130.936,6,2021,5
-13.917,131.203,6,2021,1
-13.916,130.835,6,2021,1
-13.916,130.883,6,2021,1
-13.916,130.92,6,2021,1
-13.916,130.936,6,2021,5
-13.916,130.937,6,2021,6
-13.916,131.204,6,2021,1
-13.915,130.835,6,2021,3
-13.915,130.884,6,2021,2
-13.915,130.918,6,2021,1
-13.915,131.204,6,2021,3
-13.914,130.917,6,2021,1
-13.914,131.204,6,2021,1
-13.913,130.885,6,2021,1
-13.913,130.911,6,2021,1
-13.913,130.913,6,2021,1
-13.913,130.941,6,2021,2
-13.913,130.971,6,2021,1
-13.913,131.204,6,2021,1
-13.912,130.809,6,2021,1
-13.912,130.81,6,2021,1
-13.912,130.811,6,2021,1
-13.912,130.833,6,2021,1
-13.912,130.834,6,2021,1
-13.912,130.886,6,2021,3
-13.912,130.907,6,2021,1
-13.912,130.909,6,2021,1
-13.912,130.942,6,2021,1
-13.912,130.969,6,2021,1
-13.911,130.802,6,2021,1
-13.911,130.816,6,2021,2
-13.911,130.833,6,2021,1
-13.911,130.906,6,2021,2
-13.911,130.944,6,2021,3
-13.911,130.947,6,2021,1
-13.911,130.95,6,2021,1
-13.911,130.958,6,2021,2
-13.911,130.959,6,2021,1
-13.911,130.96,6,2021,2
-13.911,130.967,6,2021,1
-13.911,130.969,6,2021,1
-13.91,130.8,6,2021,5
-13.91,130.801,6,2021,1
-13.91,130.818,6,2021,1
-13.91,130.832,6,2021,1
-13.91,130.888,6,2021,2
-13.91,130.9,6,2021,1
-13.91,130.901,6,2021,1
-13.91,130.902,6,2021,1
-13.909,130.8,6,2021,3
-13.909,130.823,6,2021,2
-13.909,130.824,6,2021,2
-13.909,130.826,6,2021,2
-13.909,130.888,6,2021,2
-13.909,130.895,6,2021,1
-13.909,130.896,6,2021,1
-13.909,130.897,6,2021,1
-13.909,130.898,6,2021,1
-13.908,130.8,6,2021,8
-13.908,130.825,6,2021,1
-13.908,130.829,6,2021,2
-13.908,130.89,6,2021,1
-13.908,130.892,6,2021,1
-13.908,130.894,6,2021,1
-13.907,130.8,6,2021,1
-13.907,130.831,6,2021,2
-13.907,131.207,6,2021,4
-13.906,131.207,6,2021,2
-13.905,131.208,6,2021,1
-13.904,130.801,6,2021,2
-13.904,131.209,6,2021,1
-13.902,131.213,6,2021,1
-13.901,131.215,6,2021,1
-13.9,130.802,6,2021,1
-13.899,130.801,6,2021,6
-13.899,131.218,6,2021,2
-13.898,130.801,6,2021,4
-13.898,131.219,6,2021,1
-13.897,130.8,6,2021,3
-13.896,130.8,6,2021,1
-13.895,130.797,6,2021,1
-13.895,130.799,6,2021,2
-13.895,131.221,6,2021,1
-13.894,130.795,6,2021,7
-13.894,130.799,6,2021,1
-13.893,130.755,6,2021,6
-13.893,130.756,6,2021,1
-13.893,130.757,6,2021,3
-13.893,130.793,6,2021,2
-13.892,130.758,6,2021,10
-13.892,130.791,6,2021,1
-13.892,130.792,6,2021,1
-13.892,131.221,6,2021,1
-13.891,130.751,6,2021,1
-13.891,130.752,6,2021,1
-13.891,130.758,6,2021,5
-13.89,130.759,6,2021,1
-13.889,130.746,6,2021,1
-13.889,131.221,6,2021,1
-13.888,130.746,6,2021,1
-13.888,130.759,6,2021,1
-13.888,130.785,6,2021,1
-13.887,130.758,6,2021,2
-13.887,130.783,6,2021,1
-13.887,131.221,6,2021,1
-13.886,130.743,6,2021,1
-13.886,130.758,6,2021,2
-13.885,130.74,6,2021,3
-13.885,130.782,6,2021,1
-13.884,130.739,6,2021,1
-13.884,130.76,6,2021,1
-13.884,130.768,6,2021,1
-13.884,130.769,6,2021,1
-13.884,130.772,6,2021,2
-13.884,130.781,6,2021,2
-13.883,130.738,6,2021,2
-13.883,130.761,6,2021,3
-13.883,130.763,6,2021,1
-13.883,130.764,6,2021,1
-13.883,130.766,6,2021,1
-13.883,130.773,6,2021,1
-13.883,130.775,6,2021,6
-13.882,130.738,6,2021,1
-13.882,130.762,6,2021,1
-13.882,130.777,6,2021,4
-13.882,130.779,6,2021,1
-13.881,130.738,6,2021,1
-13.88,130.737,6,2021,1
-13.879,130.737,6,2021,1
-13.878,130.737,6,2021,1
-13.878,131.165,6,2021,2
-13.877,131.164,6,2021,1
-13.877,131.219,6,2021,1
-13.876,131.162,6,2021,1
-13.875,131.17,6,2021,2
-13.874,130.736,6,2021,2
-13.874,131.219,6,2021,1
-13.873,131.218,6,2021,1
-13.872,130.737,6,2021,1
-13.872,131.218,6,2021,1
-13.871,130.736,6,2021,1
-13.871,130.737,6,2021,2
-13.871,131.159,6,2021,1
-13.87,131.174,6,2021,1
-13.87,131.175,6,2021,2
-13.87,131.176,6,2021,1
-13.87,131.198,6,2021,1
-13.87,131.202,6,2021,1
-13.87,131.206,6,2021,1
-13.87,131.208,6,2021,1
-13.87,131.216,6,2021,2
-13.869,131.178,6,2021,1
-13.869,131.213,6,2021,2
-13.869,131.215,6,2021,1
-13.868,131.158,6,2021,1
-13.868,131.18,6,2021,1
-13.868,131.196,6,2021,1
-13.867,130.737,6,2021,2
-13.867,131.182,6,2021,1
-13.866,130.737,6,2021,1
-13.866,131.158,6,2021,1
-13.866,131.182,6,2021,1
-13.866,131.192,6,2021,1
-13.865,130.737,6,2021,5
-13.865,131.183,6,2021,1
-13.864,131.087,6,2021,1
-13.864,131.19,6,2021,2
-13.863,130.738,6,2021,1
-13.863,131.185,6,2021,1
-13.862,130.739,6,2021,9
-13.862,131.078,6,2021,1
-13.862,131.185,6,2021,2
-13.862,131.187,6,2021,1
-13.861,131.077,6,2021,3
-13.861,131.092,6,2021,1
-13.861,131.158,6,2021,1
-13.86,130.74,6,2021,6
-13.859,130.74,6,2021,1
-13.858,130.74,6,2021,2
-13.857,131.094,6,2021,2
-13.857,131.158,6,2021,1
-13.856,130.738,6,2021,3
-13.855,130.738,6,2021,1
-13.855,131.095,6,2021,2
-13.853,130.738,6,2021,4
-13.853,131.155,6,2021,2
-13.853,131.156,6,2021,1
-13.852,131.155,6,2021,1
-13.85,130.737,6,2021,1
-13.848,130.734,6,2021,1
-13.847,131.149,6,2021,1
-13.846,131.097,6,2021,1
-13.845,130.732,6,2021,3
-13.845,131.098,6,2021,1
-13.844,131.147,6,2021,1
-13.843,130.732,6,2021,2
-13.843,131.146,6,2021,1
-13.841,130.733,6,2021,5
-13.84,131.144,6,2021,1
-13.839,131.098,6,2021,2
-13.839,131.122,6,2021,2
-13.839,131.143,6,2021,1
-13.838,131.117,6,2021,1
-13.838,131.131,6,2021,1
-13.838,131.135,6,2021,1
-13.837,131.112,6,2021,1
-13.837,131.115,6,2021,1
-13.837,131.137,6,2021,1
-13.837,131.141,6,2021,1
-13.836,130.735,6,2021,2
-13.836,131.099,6,2021,1
-13.836,131.14,6,2021,1
-13.835,131.1,6,2021,5
-13.834,131.101,6,2021,3
-13.834,131.102,6,2021,1
-13.834,131.105,6,2021,1
-13.833,130.736,6,2021,3
-13.832,130.736,6,2021,3
-13.831,130.735,6,2021,3
-13.831,130.736,6,2021,1
-13.83,130.735,6,2021,1
-13.828,130.732,6,2021,2
-13.827,130.731,6,2021,8
-13.826,130.729,6,2021,2
-13.825,130.728,6,2021,1
-13.822,130.722,6,2021,3
-13.822,130.723,6,2021,1
-13.822,130.724,6,2021,1
-13.821,130.719,6,2021,1
-13.821,130.72,6,2021,2
-13.821,130.721,6,2021,2
-13.82,130.718,6,2021,1
-13.82,130.719,6,2021,1
-13.818,130.715,6,2021,2
-13.817,130.714,6,2021,1
-13.815,130.714,6,2021,1
-13.814,130.715,6,2021,5
-13.814,130.716,6,2021,1
-13.813,130.716,6,2021,1
-13.813,130.717,6,2021,1
-13.812,130.717,6,2021,1
-13.81,130.72,6,2021,1
-13.806,130.723,6,2021,1
-13.802,130.726,6,2021,1
-13.799,130.724,6,2021,1
-13.797,130.721,6,2021,1
-13.793,130.714,6,2021,1
-13.793,130.715,6,2021,1
-13.79,130.712,6,2021,1
-13.788,130.713,6,2021,1
-13.782,130.715,6,2021,1
-13.778,130.718,6,2021,2
-13.778,130.719,6,2021,1
-13.776,130.72,6,2021,1
-13.772,130.722,6,2021,1
-13.772,130.723,6,2021,1
-13.771,130.723,6,2021,1
-13.77,130.722,6,2021,3
-13.769,130.714,6,2021,3
-13.769,130.716,6,2021,2
-13.769,130.717,6,2021,4
-13.769,130.72,6,2021,2
-13.769,130.722,6,2021,1
-13.768,130.711,6,2021,3
-13.752,130.688,6,2022,2
-13.752,130.69,6,2022,2
-13.751,130.687,6,2022,2
-13.75,130.685,6,2022,1
-13.747,130.684,6,2022,1
-13.747,130.685,6,2022,1
-13.746,130.685,6,2022,2
-13.74,130.686,6,2022,2
-13.733,130.687,6,2022,1
-13.732,130.686,6,2022,1
-13.73,130.685,6,2022,1
-13.726,130.68,6,2022,1
-13.723,130.676,6,2022,1
-13.722,130.676,6,2022,2
-13.721,130.674,6,2022,2
-13.721,130.675,6,2022,1
-13.714,130.668,6,2022,1
-13.712,130.668,6,2022,1
-13.711,130.667,6,2022,3
-13.71,130.668,6,2022,3
-13.709,130.668,6,2022,2
-13.707,130.668,6,2022,1
-13.698,130.67,6,2022,1
-13.697,130.67,6,2022,1
-13.693,130.666,6,2022,1
-13.692,130.665,6,2022,1
-13.69,130.664,6,2022,2
-13.689,130.663,6,2022,4
-13.688,130.663,6,2022,3
-13.687,130.62,6,2022,2
-13.687,130.663,6,2022,1
-13.686,130.618,6,2022,2
-13.686,130.663,6,2022,2
-13.685,130.58,6,2022,2
-13.685,130.582,6,2022,1
-13.685,130.609,6,2022,1
-13.685,130.625,6,2022,1
-13.684,130.579,6,2022,1
-13.684,130.587,6,2022,1
-13.684,130.589,6,2022,1
-13.684,130.591,6,2022,1
-13.684,130.595,6,2022,1
-13.684,130.599,6,2022,1
-13.684,130.6,6,2022,1
-13.684,130.603,6,2022,1
-13.684,130.662,6,2022,1
-13.683,130.578,6,2022,1
-13.683,130.588,6,2022,1
-13.683,130.589,6,2022,1
-13.683,130.617,6,2022,1
-13.683,130.627,6,2022,1
-13.682,130.609,6,2022,1
-13.682,130.616,6,2022,1
-13.682,130.638,6,2022,2
-13.682,130.639,6,2022,1
-13.682,130.642,6,2022,1
-13.681,130.609,6,2022,7
-13.681,130.633,6,2022,2
-13.681,130.642,6,2022,2
-13.68,130.609,6,2022,3
-13.68,130.61,6,2022,1
-13.68,130.629,6,2022,2
-13.68,130.631,6,2022,1
-13.68,130.643,6,2022,2
-13.68,130.66,6,2022,2
-13.679,130.609,6,2022,1
-13.679,130.61,6,2022,1
-13.679,130.611,6,2022,3
-13.679,130.613,6,2022,3
-13.679,130.614,6,2022,1
-13.679,130.659,6,2022,1
-13.678,130.577,6,2022,2
-13.678,130.61,6,2022,6
-13.678,130.658,6,2022,1
-13.677,130.576,6,2022,1
-13.676,130.576,6,2022,1
-13.675,130.656,6,2022,1
-13.674,130.644,6,2022,1
-13.674,130.656,6,2022,3
-13.672,130.576,6,2022,1
-13.672,130.644,6,2022,2
-13.672,130.657,6,2022,1
-13.672,130.658,6,2022,3
-13.671,130.658,6,2022,4
-13.67,130.647,6,2022,1
-13.67,130.648,6,2022,1
-13.669,130.649,6,2022,2
-13.668,130.575,6,2022,1
-13.668,130.65,6,2022,1
-13.668,130.651,6,2022,1
-13.668,130.658,6,2022,1
-13.667,130.651,6,2022,1
-13.667,130.657,6,2022,1
-13.666,130.653,6,2022,5
-13.666,130.655,6,2022,4
-13.666,130.657,6,2022,1
-13.659,130.573,6,2022,1
-13.658,130.573,6,2022,1
-13.655,130.573,6,2022,2
-13.651,130.574,6,2022,1
-13.65,130.574,6,2022,1
-13.647,130.574,6,2022,1
-13.64,130.571,6,2022,1
-13.639,130.57,6,2022,1
-13.638,130.569,6,2022,1
-13.635,130.567,6,2022,1
-13.633,130.564,6,2022,1
-13.63,130.558,6,2022,1
-13.629,130.555,6,2022,1
-13.628,130.553,6,2022,2
-13.626,130.55,6,2022,1
-13.625,130.55,6,2022,1
-13.621,130.552,6,2022,1
-13.618,130.554,6,2022,1
-13.617,130.556,6,2022,1
-13.615,130.556,6,2022,1
-13.612,130.564,6,2022,1
-13.611,130.565,6,2022,2
-13.61,130.562,6,2022,4
-13.609,130.542,6,2022,1
-13.609,130.549,6,2022,1
-13.609,130.553,6,2022,2
-13.609,130.561,6,2022,1
-13.609,130.562,6,2022,7
-13.609,130.563,6,2022,15
-13.609,130.564,6,2022,2
-13.608,130.56,6,2022,2
-13.607,130.557,6,2022,1
-13.607,130.558,6,2022,1
-13.605,130.534,6,2022,1
-13.605,130.565,6,2022,1
-13.604,130.533,6,2022,1
-13.604,130.565,6,2022,1
-13.604,130.568,6,2022,1
-13.602,130.565,6,2022,1
-13.601,130.566,6,2022,1
-13.599,130.529,6,2022,1
-13.597,130.528,6,2022,2
-13.584,130.524,6,2022,1
-13.581,130.523,6,2022,1
-13.577,130.521,6,2022,2
-13.575,130.519,6,2022,1
-13.574,130.518,6,2022,1
-13.571,130.518,6,2022,1
-13.57,130.518,6,2022,1
-13.569,130.518,6,2022,2
-13.567,130.517,6,2022,2
-13.567,130.518,6,2022,1
-13.561,130.517,6,2022,1
-13.559,130.519,6,2022,1
-13.558,130.519,6,2022,2
-13.556,130.52,6,2022,2
-13.555,130.52,6,2022,2
-13.552,130.515,6,2022,1
-13.546,130.507,6,2022,1
-13.545,130.508,6,2022,1
-13.543,130.501,6,2022,1
-13.542,130.5,6,2022,1
-13.541,130.498,6,2022,1
-13.539,130.494,6,2022,1
-13.538,130.492,6,2022,1
-13.538,130.493,6,2022,1
-13.536,130.489,6,2022,1
-13.535,130.49,6,2022,1
-13.532,130.488,6,2022,1
-13.528,130.483,6,2022,1
-13.525,130.48,6,2022,1
-13.525,130.482,6,2022,1
-13.523,130.479,6,2022,1
-13.521,130.477,6,2022,1
-13.519,130.476,6,2022,1
-13.517,130.472,6,2022,1
-13.514,130.469,6,2022,1
-13.513,130.47,6,2022,1
-13.509,130.463,6,2022,1
-13.508,130.421,6,2022,1
-13.508,130.424,6,2022,1
-13.507,130.418,6,2022,1
-13.507,130.419,6,2022,2
-13.507,130.423,6,2022,2
-13.507,130.427,6,2022,1
-13.507,130.461,6,2022,1
-13.506,130.412,6,2022,2
-13.506,130.418,6,2022,1
-13.506,130.425,6,2022,1
-13.506,130.426,6,2022,2
-13.506,130.428,6,2022,1
-13.506,130.46,6,2022,2
-13.506,130.462,6,2022,4
-13.505,130.426,6,2022,1
-13.505,130.427,6,2022,3
-13.505,130.428,6,2022,2
-13.505,130.461,6,2022,2
-13.504,130.409,6,2022,1
-13.504,130.415,6,2022,1
-13.504,130.427,6,2022,1
-13.504,130.428,6,2022,2
-13.504,130.459,6,2022,1
-13.504,130.46,6,2022,2
-13.503,130.426,6,2022,2
-13.503,130.427,6,2022,4
-13.503,130.428,6,2022,2
-13.503,130.46,6,2022,8
-13.502,130.405,6,2022,2
-13.502,130.409,6,2022,1
-13.502,130.426,6,2022,2
-13.502,130.428,6,2022,2
-13.502,130.46,6,2022,13
-13.502,130.461,6,2022,2
-13.502,130.471,6,2022,1
-13.502,130.472,6,2022,1
-13.501,130.425,6,2022,13
-13.501,130.428,6,2022,1
-13.501,130.46,6,2022,1
-13.501,130.461,6,2022,8
-13.501,130.471,6,2022,1
-13.5,130.406,6,2022,1
-13.5,130.424,6,2022,3
-13.5,130.425,6,2022,5
-13.5,130.461,6,2022,1
-13.5,130.462,6,2022,1
-13.5,130.463,6,2022,1
-13.5,130.472,6,2022,2
-13.5,130.473,6,2022,4
-13.5,130.474,6,2022,2
-13.499,130.405,6,2022,1
-13.499,130.424,6,2022,1
-13.499,130.427,6,2022,1
-13.499,130.463,6,2022,2
-13.499,130.466,6,2022,2
-13.499,130.467,6,2022,4
-13.499,130.468,6,2022,4
-13.499,130.469,6,2022,1
-13.499,130.47,6,2022,7
-13.499,130.473,6,2022,3
-13.499,130.474,6,2022,1
-13.498,130.474,6,2022,2
-13.496,130.402,6,2022,1
-13.496,130.424,6,2022,1
-13.496,130.472,6,2022,1
-13.495,130.4,6,2022,1
-13.494,130.42,6,2022,1
-13.493,130.396,6,2022,1
-13.492,130.421,6,2022,2
-13.489,130.393,6,2022,1
-13.489,130.467,6,2022,1
-13.488,130.414,6,2022,1
-13.487,130.39,6,2022,1
-13.487,130.412,6,2022,1
-13.487,130.413,6,2022,1
-13.486,130.388,6,2022,1
-13.485,130.383,6,2022,1
-13.485,130.384,6,2022,1
-13.485,130.386,6,2022,1
-13.484,130.38,6,2022,1
-13.484,130.381,6,2022,1
-13.483,130.461,6,2022,1
-13.482,130.379,6,2022,2
-13.482,130.414,6,2022,1
-13.482,130.457,6,2022,1
-13.481,130.38,6,2022,2
-13.481,130.414,6,2022,1
-13.481,130.422,6,2022,2
-13.481,130.455,6,2022,1
-13.48,130.415,6,2022,1
-13.48,130.424,6,2022,1
-13.479,130.379,6,2022,1
-13.479,130.38,6,2022,1
-13.479,130.417,6,2022,1
-13.478,130.38,6,2022,2
-13.478,130.446,6,2022,1
-13.477,130.381,6,2022,2
-13.477,130.426,6,2022,2
-13.477,130.427,6,2022,8
-13.477,130.428,6,2022,2
-13.475,130.432,6,2022,1
-13.475,130.443,6,2022,1
-13.474,130.439,6,2022,2
-13.474,130.441,6,2022,1
-13.473,130.438,6,2022,1
-13.473,130.44,6,2022,2
-13.47,130.383,6,2022,1
-13.469,130.382,6,2022,2
-13.468,130.333,6,2022,1
-13.468,130.382,6,2022,1
-13.466,130.332,6,2022,1
-13.466,130.333,6,2022,1
-13.466,130.339,6,2022,1
-13.466,130.34,6,2022,1
-13.466,130.341,6,2022,1
-13.466,130.383,6,2022,1
-13.465,130.337,6,2022,1
-13.465,130.345,6,2022,1
-13.465,130.349,6,2022,1
-13.464,130.326,6,2022,1
-13.464,130.347,6,2022,3
-13.464,130.349,6,2022,1
-13.463,130.378,6,2022,1
-13.462,130.324,6,2022,1
-13.462,130.351,6,2022,1
-13.462,130.352,6,2022,4
-13.461,130.329,6,2022,1
-13.461,130.377,6,2022,1
-13.46,130.32,6,2022,1
-13.46,130.356,6,2022,1
-13.46,130.357,6,2022,1
-13.459,130.326,6,2022,2
-13.459,130.359,6,2022,1
-13.459,130.37,6,2022,1
-13.458,130.358,6,2022,1
-13.458,130.362,6,2022,2
-13.458,130.367,6,2022,1
-13.458,130.368,6,2022,1
-13.457,130.362,6,2022,1
-13.457,130.363,6,2022,2
-13.457,130.365,6,2022,1
-13.456,130.316,6,2022,1
-13.456,130.363,6,2022,2
-13.456,130.366,6,2022,1
-13.451,130.321,6,2022,1
-13.45,130.321,6,2022,1
-13.449,130.321,6,2022,1
-13.447,130.307,6,2022,1
-13.447,130.32,6,2022,1
-13.446,130.305,6,2022,1
-13.442,130.319,6,2022,1
-13.441,130.319,6,2022,1
-13.439,130.318,6,2022,3
-13.438,130.293,6,2022,1
-13.437,130.286,6,2022,1
-13.437,130.288,6,2022,1
-13.435,130.281,6,2022,1
-13.435,130.317,6,2022,1
-13.434,130.279,6,2022,2
-13.433,130.278,6,2022,1
-13.431,130.316,6,2022,1
-13.43,130.315,6,2022,1
-13.429,130.277,6,2022,1
-13.426,130.278,6,2022,2
-13.424,130.307,6,2022,1
-13.423,130.305,6,2022,1
-13.422,130.299,6,2022,1
-13.42,130.275,6,2022,1
-13.42,130.295,6,2022,2
-13.418,130.275,6,2022,1
-13.417,130.293,6,2022,1
-13.416,130.291,6,2022,1
-13.408,130.297,6,2022,1
-13.405,130.299,6,2022,1
-13.4,130.278,6,2022,1
-13.399,130.279,6,2022,1
-13.397,130.282,6,2022,1
-13.397,130.307,6,2022,1
-13.396,130.307,6,2022,1
-13.395,130.294,6,2022,1
-13.394,130.296,6,2022,1
-13.393,130.308,6,2022,1
-13.393,130.309,6,2022,1
-13.392,130.31,6,2022,1
-13.391,130.298,6,2022,1
-13.391,130.31,6,2022,1
-13.389,130.3,6,2022,1
-13.388,130.301,6,2022,1
-13.385,130.315,6,2022,3
-13.379,130.319,6,2022,1
-13.376,130.312,6,2022,1
-13.375,130.313,6,2022,1
-13.375,130.322,6,2022,1
-13.37,130.324,6,2022,1
-12.929,131.662,8,2021,2
-12.929,131.663,8,2021,1
-12.929,131.664,8,2021,1
-12.929,131.666,8,2021,1
-12.929,131.667,8,2021,2
-12.929,131.678,8,2021,1
-12.928,131.661,8,2021,3
-12.928,131.671,8,2021,1
-12.928,131.672,8,2021,4
-12.928,131.681,8,2021,3
-12.927,131.66,8,2021,3
-12.927,131.682,8,2021,4
-12.924,131.658,8,2021,1
-12.923,131.657,8,2021,1
-12.921,131.656,8,2021,2
-12.92,131.656,8,2021,1
-12.919,131.656,8,2021,1
-12.917,131.656,8,2021,3
-12.916,131.655,8,2021,1
-12.915,131.655,8,2021,1
-12.915,131.656,8,2021,1
-12.91,131.651,8,2021,2
-12.91,131.652,8,2021,1
-12.909,131.65,8,2021,1
-12.908,131.646,8,2021,1
-12.907,131.645,8,2021,1
-12.906,131.224,7,2021,1
-12.906,131.225,8,2021,1
-12.906,131.226,7,2022,1
-12.906,131.226,8,2021,1
-12.905,131.226,7,2022,1
-12.905,131.643,8,2021,1
-12.904,131.221,8,2021,1
-12.903,131.643,8,2021,1
-12.902,131.219,8,2021,1
-12.901,131.217,8,2021,1
-12.901,131.218,7,2022,1
-12.901,131.642,8,2021,1
-12.9,131.217,7,2021,1
-12.9,131.642,8,2021,1
-12.899,131.216,7,2022,1
-12.899,131.216,8,2021,1
-12.899,131.642,8,2021,1
-12.898,131.215,7,2021,1
-12.898,131.642,8,2021,2
-12.897,131.641,8,2021,1
-12.896,131.212,7,2021,1
-12.896,131.213,7,2022,1
-12.896,131.213,8,2021,1
-12.896,131.641,8,2021,2
-12.894,131.21,7,2021,3
-12.894,131.642,8,2021,2
-12.893,131.209,7,2022,2
-12.893,131.209,8,2021,1
-12.893,131.642,8,2021,1
-12.892,131.208,7,2022,1
-12.892,131.642,8,2021,2
-12.89,131.207,7,2022,1
-12.89,131.207,8,2021,1
-12.89,131.643,8,2021,1
-12.889,131.206,7,2021,1
-12.889,131.643,8,2021,1
-12.886,131.205,8,2021,1
-12.885,131.645,8,2021,1
-12.884,131.202,7,2021,1
-12.884,131.202,7,2022,1
-12.884,131.202,8,2021,1
-12.884,131.203,7,2021,1
-12.884,131.203,8,2021,1
-12.884,131.646,8,2021,1
-12.882,131.201,8,2021,1
-12.882,131.202,7,2021,1
-12.882,131.646,8,2021,1
-12.882,131.647,8,2021,2
-12.881,131.201,7,2021,1
-12.881,131.646,8,2021,1
-12.88,131.201,7,2022,1
-12.88,131.202,7,2021,1
-12.88,131.202,7,2022,1
-12.88,131.202,8,2021,1
-12.88,131.203,7,2022,1
-12.88,131.646,8,2021,1
-12.879,131.645,8,2021,1
-12.877,131.204,7,2021,1
-12.877,131.644,8,2021,4
-12.876,131.204,7,2022,1
-12.876,131.204,8,2021,1
-12.876,131.644,8,2021,1
-12.875,131.204,7,2021,1
-12.875,131.644,8,2021,1
-12.874,131.204,7,2021,2
-12.873,131.204,8,2021,2
-12.873,131.205,8,2021,2
-12.873,131.642,8,2021,1
-12.873,131.643,8,2021,1
-12.872,131.205,7,2021,1
-12.871,131.205,7,2021,1
-12.87,131.205,7,2022,1
-12.869,131.639,8,2021,1
-12.869,131.64,8,2021,1
-12.868,131.639,8,2021,1
-12.867,131.206,7,2022,1
-12.867,131.638,8,2021,1
-12.865,131.206,8,2021,1
-12.864,131.206,7,2021,1
-12.863,131.204,7,2022,2
-12.863,131.204,8,2021,2
-12.863,131.205,7,2021,1
-12.862,131.203,7,2021,1
-12.862,131.203,8,2021,1
-12.862,131.205,7,2022,1
-12.862,131.206,8,2021,1
-12.861,131.635,8,2021,1
-12.859,131.203,7,2022,1
-12.857,131.204,7,2021,2
-12.855,131.633,8,2021,1
-12.854,131.633,8,2021,2
-12.854,131.634,8,2021,1
-12.853,131.206,8,2021,1
-12.852,131.634,8,2021,1
-12.851,131.207,7,2022,1
-12.849,131.208,7,2022,1
-12.849,131.634,8,2021,2
-12.847,131.635,8,2021,1
-12.845,131.207,7,2021,1
-12.845,131.634,8,2021,1
-12.844,131.207,7,2021,1
-12.844,131.207,7,2022,1
-12.844,131.633,8,2021,4
-12.843,131.207,7,2021,1
-12.843,131.207,8,2021,1
-12.843,131.633,8,2021,4
-12.843,131.634,8,2021,1
-12.842,131.207,7,2021,1
-12.842,131.207,7,2022,1
-12.842,131.632,8,2021,1
-12.841,131.632,8,2021,1
-12.84,131.207,7,2022,1
-12.839,131.632,8,2021,1
-12.838,131.207,7,2021,1
-12.838,131.207,7,2022,1
-12.838,131.207,8,2021,1
-12.838,131.632,8,2021,3
-12.837,131.633,8,2021,3
-12.835,131.208,7,2021,1
-12.835,131.208,8,2021,1
-12.833,131.209,7,2021,1
-12.833,131.209,7,2022,2
-12.832,131.21,8,2021,1
-12.831,131.21,7,2021,1
-12.831,131.21,8,2021,2
-12.826,131.209,7,2021,2
-12.826,131.209,7,2022,1
-12.826,131.209,8,2021,1
-12.825,131.209,7,2021,1
-12.825,131.209,7,2022,1
-12.825,131.209,8,2021,1
-12.823,131.208,7,2021,2
-12.823,131.208,8,2021,2
-12.821,131.21,7,2021,1
-12.821,131.21,8,2021,1
-12.821,131.211,7,2021,1
-12.821,131.211,7,2022,1
-12.821,131.212,7,2021,1
-12.821,131.213,7,2022,1
-12.821,131.214,7,2021,1
-12.821,131.214,7,2022,1
-12.821,131.216,7,2021,1
-12.821,131.217,7,2022,1
-12.821,131.217,8,2021,1
-12.82,131.216,8,2021,1
-12.82,131.217,7,2022,1
-12.82,131.217,8,2021,1
-12.82,131.218,7,2021,1
-12.82,131.218,7,2022,1
-12.819,131.219,7,2022,1
-12.818,131.218,7,2021,1
-12.818,131.218,7,2022,1
-12.817,131.218,7,2022,1
-12.816,131.218,8,2021,1
-12.815,131.218,8,2021,1
-12.813,131.218,7,2021,1
-12.808,131.217,8,2021,1
-12.806,131.215,7,2021,1
-12.806,131.216,7,2022,1
-12.805,131.214,7,2021,1
-12.805,131.214,8,2021,1
-12.804,131.214,7,2021,1
-12.804,131.217,7,2021,1
-12.804,131.217,8,2021,1
-12.804,131.218,7,2021,1
-12.803,131.215,8,2021,1
-12.803,131.217,7,2021,1
-12.801,131.222,7,2022,1
-12.801,131.223,7,2021,1
-12.8,131.223,7,2022,1
-12.797,131.225,7,2022,2
-12.797,131.226,7,2022,1
-12.796,131.225,8,2021,1
-12.796,131.226,7,2022,2
-12.795,131.226,7,2021,2
-12.795,131.226,7,2022,2
-12.795,131.227,7,2022,1
-12.795,131.227,8,2021,2
-12.794,131.227,7,2021,2
-12.794,131.227,7,2022,3
-12.794,131.227,8,2021,2
-12.793,131.227,7,2021,1
-12.793,131.228,7,2021,1
-12.793,131.228,7,2022,1
-12.792,131.228,7,2021,1
-12.792,131.228,7,2022,1
-12.792,131.228,8,2021,1
-12.792,131.229,7,2021,1
-12.791,131.229,7,2022,2
-12.791,131.229,8,2021,1
-12.79,131.229,7,2021,2
-12.79,131.229,7,2022,1
-12.79,131.229,8,2021,2
-12.789,131.231,7,2022,1
-12.789,131.233,7,2021,1
-12.789,131.233,7,2022,1
-12.789,131.234,7,2022,1
-12.789,131.235,8,2021,1
-12.789,131.236,8,2021,1
-12.788,131.231,7,2022,1
-12.788,131.231,8,2021,1
-12.788,131.235,7,2022,1
-12.788,131.236,7,2021,2
-12.788,131.236,7,2022,1
-12.788,131.236,8,2021,1
-12.787,131.235,7,2021,2
-12.786,131.235,8,2021,1
-12.786,131.238,7,2022,1
-12.785,131.236,7,2022,1
-12.785,131.61,8,2021,1
-12.784,131.239,7,2022,1
-12.784,131.239,8,2021,1
-12.783,131.239,7,2021,2
-12.783,131.252,7,2021,1
-12.782,131.24,7,2022,1
-12.782,131.25,8,2021,1
-12.782,131.253,8,2021,1
-12.781,131.239,7,2021,1
-12.781,131.239,7,2022,1
-12.781,131.24,8,2021,1
-12.781,131.248,7,2021,1
-12.781,131.248,7,2022,1
-12.781,131.249,8,2021,1
-12.781,131.254,7,2021,1
-12.781,131.254,7,2022,1
-12.781,131.254,8,2021,1
-12.781,131.258,8,2021,1
-12.78,131.24,7,2022,3
-12.78,131.24,8,2021,1
-12.78,131.241,8,2021,1
-12.78,131.246,7,2022,1
-12.78,131.255,7,2022,1
-12.78,131.256,7,2022,1
-12.78,131.257,7,2021,1
-12.78,131.257,7,2022,1
-12.78,131.258,7,2022,1
-12.78,131.259,8,2021,1
-12.779,131.241,7,2022,1
-12.779,131.243,7,2021,2
-12.779,131.243,7,2022,1
-12.779,131.243,8,2021,2
-12.779,131.245,8,2021,1
-12.779,131.26,7,2021,1
-12.778,131.26,7,2022,1
-12.778,131.612,8,2021,2
-12.777,131.259,8,2021,1
-12.777,131.26,7,2022,1
-12.776,131.26,7,2021,1
-12.776,131.26,7,2022,1
-12.775,131.261,7,2022,1
-12.775,131.611,8,2021,2
-12.774,131.26,7,2021,2
-12.773,131.258,7,2022,2
-12.773,131.259,8,2021,1
-12.773,131.26,7,2022,3
-12.773,131.26,8,2021,1
-12.773,131.612,8,2021,2
-12.772,131.255,7,2022,1
-12.772,131.256,7,2021,2
-12.772,131.256,7,2022,1
-12.772,131.256,8,2021,1
-12.772,131.611,8,2021,1
-12.771,131.254,7,2022,2
-12.771,131.254,8,2021,1
-12.77,131.254,7,2022,2
-12.769,131.254,7,2021,2
-12.769,131.254,7,2022,2
-12.769,131.268,7,2022,1
-12.769,131.269,7,2021,2
-12.769,131.271,8,2021,1
-12.769,131.272,7,2022,2
-12.768,131.257,7,2021,3
-12.768,131.257,8,2021,1
-12.768,131.258,7,2021,2
-12.768,131.258,8,2021,1
-12.768,131.259,7,2022,1
-12.768,131.259,8,2021,1
-12.768,131.264,7,2022,1
-12.768,131.264,8,2021,1
-12.768,131.265,7,2022,1
-12.768,131.265,8,2021,1
-12.768,131.266,7,2022,1
-12.768,131.268,7,2021,1
-12.767,131.256,7,2021,1
-12.767,131.256,7,2022,1
-12.767,131.256,8,2021,2
-12.767,131.258,7,2022,2
-12.767,131.26,7,2021,1
-12.767,131.26,7,2022,1
-12.767,131.261,7,2022,1
-12.767,131.263,7,2022,2
-12.767,131.264,7,2021,2
-12.767,131.273,7,2021,1
-12.767,131.273,8,2021,1
-12.767,131.608,8,2021,2
-12.766,131.261,8,2021,1
-12.766,131.262,7,2022,2
-12.766,131.262,8,2021,1
-12.766,131.609,8,2021,2
-12.766,131.61,8,2021,1
-12.766,131.615,8,2021,6
-12.765,131.274,7,2022,1
-12.765,131.611,8,2021,1
-12.765,131.612,8,2021,2
-12.765,131.613,8,2021,1
-12.765,131.614,8,2021,1
-12.765,131.615,8,2021,1
-12.763,131.62,8,2021,1
-12.76,131.621,8,2021,1
-12.76,131.622,8,2021,4
-12.759,131.275,7,2022,2
-12.759,131.623,8,2021,8
-12.758,131.275,8,2021,1
-12.758,131.286,7,2022,1
-12.758,131.287,7,2022,1
-12.758,131.29,7,2022,3
-12.758,131.291,7,2022,1
-12.758,131.292,7,2022,1
-12.758,131.623,8,2021,2
-12.758,131.624,8,2021,3
-12.757,131.276,7,2021,1
-12.757,131.277,7,2022,2
-12.757,131.278,7,2021,1
-12.757,131.278,8,2021,4
-12.757,131.289,7,2022,1
-12.757,131.625,8,2021,1
-12.756,131.277,7,2021,1
-12.756,131.278,7,2021,1
-12.756,131.279,7,2022,1
-12.756,131.279,8,2021,1
-12.756,131.28,7,2022,1
-12.756,131.285,7,2022,2
-12.756,131.624,8,2021,2
-12.755,131.279,7,2021,1
-12.755,131.28,7,2021,1
-12.755,131.28,7,2022,2
-12.755,131.281,8,2021,1
-12.755,131.282,7,2021,1
-12.755,131.282,8,2021,1
-12.755,131.283,7,2022,1
-12.755,131.284,7,2022,2
-12.754,131.282,7,2021,2
-12.754,131.283,7,2021,1
-12.754,131.283,7,2022,2
-12.754,131.283,8,2021,2
-12.754,131.628,8,2021,1
-12.753,131.282,7,2022,1
-12.753,131.628,8,2021,1
-12.752,131.282,7,2021,1
-12.752,131.282,7,2022,1
-12.752,131.283,7,2021,1
-12.752,131.283,8,2021,2
-12.752,131.627,8,2021,1
-12.752,131.628,8,2021,2
-12.751,131.282,7,2022,5
-12.751,131.283,7,2021,1
-12.751,131.689,8,2021,1
-12.75,131.688,8,2021,2
-12.749,131.282,7,2022,1
-12.749,131.282,8,2021,1
-12.749,131.687,8,2021,1
-12.749,131.688,8,2021,1
-12.748,131.281,7,2022,2
-12.748,131.282,7,2021,1
-12.748,131.681,8,2021,2
-12.748,131.683,8,2021,2
-12.748,131.684,8,2021,1
-12.748,131.685,8,2021,1
-12.748,131.686,8,2021,1
-12.747,131.281,7,2021,1
-12.747,131.281,7,2022,1
-12.747,131.282,7,2022,2
-12.746,131.281,7,2021,4
-12.746,131.281,7,2022,1
-12.746,131.281,8,2021,1
-12.746,131.634,8,2021,2
-12.746,131.677,8,2021,1
-12.745,131.281,7,2022,1
-12.745,131.281,8,2021,1
-12.745,131.676,8,2021,1
-12.744,131.281,7,2021,2
-12.744,131.281,8,2021,1
-12.744,131.636,8,2021,1
-12.744,131.637,8,2021,1
-12.744,131.676,8,2021,1
-12.743,131.281,7,2022,1
-12.743,131.675,8,2021,1
-12.742,131.281,7,2021,1
-12.742,131.674,8,2021,2
-12.741,131.281,8,2021,1
-12.741,131.282,7,2022,1
-12.741,131.633,8,2021,1
-12.741,131.634,8,2021,1
-12.74,131.629,8,2021,2
-12.74,131.63,8,2021,1
-12.74,131.631,8,2021,2
-12.739,131.282,7,2021,1
-12.739,131.282,7,2022,1
-12.738,131.282,7,2021,1
-12.738,131.283,7,2021,1
-12.738,131.283,7,2022,1
-12.738,131.283,8,2021,1
-12.738,131.652,8,2021,3
-12.738,131.668,8,2021,1
-12.737,131.283,7,2022,1
-12.737,131.284,7,2022,1
-12.737,131.284,8,2021,1
-12.737,131.666,8,2021,1
-12.736,131.284,7,2022,5
-12.736,131.653,8,2021,1
-12.735,131.279,8,2021,1
-12.735,131.281,7,2022,1
-12.735,131.283,7,2021,1
-12.735,131.654,8,2021,1
-12.734,131.654,8,2021,1
-12.733,131.277,7,2022,2
-12.733,131.646,8,2021,1
-12.732,131.276,7,2021,1
-12.732,131.277,7,2022,2
-12.732,131.277,8,2021,1
-12.732,131.629,8,2021,1
-12.732,131.647,8,2021,2
-12.732,131.654,8,2021,1
-12.731,131.276,7,2021,1
-12.731,131.276,7,2022,1
-12.731,131.649,8,2021,2
-12.73,131.274,7,2021,1
-12.73,131.275,7,2022,1
-12.73,131.646,8,2021,1
-12.73,131.652,8,2021,1
-12.73,131.654,8,2021,1
-12.73,131.661,8,2021,2
-12.729,131.273,7,2022,2
-12.729,131.644,8,2021,2
-12.729,131.645,8,2021,1
-12.728,131.272,7,2021,2
-12.728,131.643,8,2021,1
-12.728,131.644,8,2021,1
-12.728,131.645,8,2021,1
-12.727,131.27,8,2021,1
-12.727,131.271,7,2022,1
-12.727,131.271,8,2021,2
-12.727,131.662,8,2021,2
-12.726,131.27,7,2022,1
-12.726,131.659,8,2021,1
-12.725,131.27,7,2021,2
-12.725,131.27,7,2022,2
-12.725,131.27,8,2021,1
-12.725,131.643,8,2021,1
-12.724,131.269,7,2022,1
-12.724,131.27,7,2022,1
-12.724,131.658,8,2021,1
-12.723,131.27,7,2022,1
-12.723,131.642,8,2021,1
-12.722,131.271,7,2022,1
-12.722,131.642,8,2021,2
-12.722,131.658,8,2021,1
-12.721,131.271,7,2022,1
-12.721,131.272,8,2021,1
-12.721,131.658,8,2021,1
-12.72,131.272,7,2021,1
-12.72,131.657,8,2021,2
-12.72,131.658,8,2021,1
-12.719,131.273,7,2021,1
-12.719,131.273,7,2022,4
-12.719,131.273,8,2021,4
-12.719,131.64,8,2021,2
-12.719,131.641,8,2021,1
-12.718,131.274,7,2022,1
-12.718,131.657,8,2021,1
-12.717,131.273,7,2021,1
-12.717,131.273,7,2022,1
-12.717,131.64,8,2021,2
-12.716,131.274,7,2021,1
-12.716,131.275,7,2021,2
-12.716,131.275,7,2022,3
-12.716,131.275,8,2021,1
-12.716,131.656,8,2021,1
-12.715,131.275,7,2022,16
-12.715,131.275,8,2021,1
-12.715,131.641,8,2021,1
-12.715,131.656,8,2021,1
-12.714,131.275,7,2022,1
-12.714,131.639,8,2021,2
-12.713,131.275,8,2021,1
-12.713,131.276,7,2022,1
-12.713,131.638,8,2021,1
-12.713,131.639,8,2021,1
-12.713,131.64,8,2021,1
-12.712,131.275,7,2021,1
-12.712,131.275,8,2021,1
-12.712,131.638,8,2021,1
-12.712,131.639,8,2021,2
-12.712,131.64,8,2021,1
-12.711,131.274,7,2021,1
-12.711,131.274,7,2022,1
-12.711,131.275,7,2022,1
-12.711,131.275,8,2021,2
-12.711,131.335,7,2022,3
-12.711,131.631,8,2021,2
-12.711,131.638,8,2021,2
-12.711,131.641,8,2021,1
-12.711,131.653,8,2021,1
-12.711,131.655,8,2021,1
-12.71,131.274,7,2021,1
-12.71,131.275,7,2021,1
-12.71,131.334,7,2022,3
-12.71,131.632,8,2021,2
-12.71,131.637,8,2021,3
-12.71,131.64,8,2021,1
-12.709,131.273,7,2022,2
-12.709,131.273,8,2021,2
-12.709,131.649,8,2021,1
-12.708,131.273,7,2022,3
-12.708,131.334,7,2022,1
-12.708,131.636,8,2021,2
-12.708,131.642,8,2021,1
-12.708,131.652,8,2021,1
-12.707,131.273,7,2021,1
-12.707,131.273,7,2022,1
-12.707,131.334,7,2022,1
-12.707,131.635,8,2021,1
-12.707,131.65,8,2021,1
-12.706,131.272,7,2022,1
-12.706,131.272,8,2021,1
-12.706,131.273,7,2022,3
-12.706,131.273,8,2021,2
-12.706,131.636,8,2021,1
-12.706,131.651,8,2021,1
-12.705,131.274,7,2022,4
-12.705,131.649,8,2021,1
-12.704,131.275,8,2021,2
-12.704,131.276,8,2021,2
-12.704,131.277,7,2022,3
-12.704,131.277,8,2021,2
-12.704,131.638,8,2021,3
-12.703,131.278,7,2022,1
-12.703,131.333,7,2022,1
-12.702,131.278,8,2021,1
-12.702,131.279,8,2021,1
-12.702,131.333,7,2022,1
-12.702,131.637,8,2021,2
-12.702,131.638,8,2021,1
-12.702,131.65,8,2021,2
-12.701,131.279,8,2021,1
-12.701,131.65,8,2021,2
-12.7,131.279,7,2022,2
-12.7,131.279,8,2021,1
-12.7,131.329,7,2022,2
-12.7,131.33,7,2022,1
-12.7,131.649,8,2021,1
-12.699,131.329,7,2022,1
-12.699,131.637,8,2021,1
-12.698,131.279,8,2021,3
-12.698,131.28,7,2022,2
-12.698,131.636,8,2021,2
-12.697,131.282,7,2022,1
-12.697,131.292,7,2022,3
-12.697,131.293,8,2021,1
-12.697,131.636,8,2021,1
-12.696,131.282,7,2022,3
-12.696,131.283,7,2022,2
-12.696,131.287,8,2021,2
-12.696,131.291,7,2022,3
-12.696,131.291,8,2021,2
-12.696,131.292,8,2021,3
-12.696,131.293,7,2022,1
-12.696,131.294,8,2021,3
-12.696,131.329,7,2022,1
-12.696,131.636,8,2021,1
-12.695,131.284,8,2021,4
-12.695,131.286,7,2022,3
-12.695,131.288,8,2021,1
-12.695,131.289,7,2022,2
-12.695,131.29,7,2022,1
-12.695,131.29,8,2021,3
-12.695,131.291,8,2021,4
-12.695,131.635,8,2021,1
-12.695,131.645,8,2021,1
-12.694,131.329,7,2022,1
-12.693,131.294,8,2021,3
-12.693,131.295,9,2021,1
-12.693,131.296,7,2022,1
-12.693,131.296,9,2021,1
-12.693,131.635,8,2021,1
-12.692,131.296,8,2021,2
-12.692,131.296,9,2021,1
-12.692,131.329,7,2022,1
-12.692,131.635,8,2021,1
-12.692,131.645,8,2021,1
-12.691,131.297,7,2022,1
-12.691,131.635,8,2021,1
-12.69,131.296,8,2021,1
-12.69,131.298,7,2022,1
-12.69,131.298,9,2021,1
-12.69,131.299,7,2022,4
-12.69,131.3,8,2021,1
-12.69,131.301,7,2022,4
-12.69,131.301,8,2021,1
-12.69,131.301,9,2021,5
-12.69,131.302,8,2021,2
-12.69,131.303,9,2021,2
-12.69,131.304,7,2022,2
-12.69,131.304,8,2021,6
-12.69,131.304,9,2021,3
-12.69,131.329,7,2022,1
-12.69,131.635,8,2021,2
-12.69,131.645,8,2021,1
-12.69,131.646,8,2021,1
-12.689,131.299,9,2021,3
-12.689,131.305,7,2022,1
-12.689,131.306,7,2022,1
-12.689,131.329,7,2022,1
-12.689,131.648,8,2021,1
-12.688,131.306,9,2021,1
-12.687,131.305,9,2021,1
-12.687,131.306,8,2021,1
-12.686,131.306,7,2022,1
-12.686,131.307,8,2021,1
-12.686,131.309,7,2022,2
-12.686,131.311,7,2022,1
-12.686,131.312,9,2021,1
-12.686,131.315,8,2021,3
-12.686,131.65,8,2021,1
-12.685,131.308,9,2021,1
-12.685,131.309,9,2021,1
-12.685,131.31,8,2021,2
-12.685,131.31,9,2021,2
-12.685,131.311,8,2021,2
-12.685,131.313,9,2021,1
-12.685,131.314,7,2022,1
-12.685,131.314,9,2021,1
-12.685,131.315,9,2021,1
-12.685,131.331,7,2022,3
-12.684,131.317,7,2022,2
-12.684,131.317,8,2021,1
-12.684,131.317,9,2021,2
-12.684,131.318,7,2022,1
-12.684,131.318,9,2021,1
-12.684,131.319,7,2022,1
-12.684,131.319,9,2021,1
-12.684,131.651,8,2021,1
-12.683,131.318,8,2021,2
-12.683,131.319,7,2022,1
-12.683,131.32,7,2022,2
-12.683,131.32,8,2021,3
-12.683,131.32,9,2021,2
-12.683,131.321,7,2022,1
-12.683,131.321,8,2021,2
-12.683,131.333,7,2022,1
-12.682,131.321,8,2021,1
-12.682,131.322,7,2022,1
-12.682,131.322,8,2021,2
-12.682,131.322,9,2021,1
-12.681,131.322,7,2022,1
-12.681,131.323,9,2021,1
-12.681,131.335,7,2022,1
-12.681,131.652,8,2021,1
-12.681,131.655,8,2021,1
-12.68,131.323,8,2021,2
-12.68,131.324,8,2021,1
-12.68,131.324,9,2021,1
-12.68,131.335,7,2022,1
-12.68,131.656,8,2021,1
-12.68,131.657,8,2021,1
-12.68,131.66,8,2021,1
-12.679,131.325,8,2021,1
-12.679,131.325,9,2021,1
-12.679,131.659,8,2021,1
-12.678,131.326,9,2021,1
-12.678,131.328,7,2022,1
-12.678,131.328,8,2021,1
-12.678,131.328,9,2021,1
-12.678,131.329,8,2021,1
-12.678,131.33,9,2021,1
-12.678,131.334,7,2022,1
-12.678,131.335,7,2022,2
-12.678,131.656,8,2021,1
-12.678,131.658,8,2021,1
-12.677,131.329,7,2022,1
-12.677,131.33,7,2022,2
-12.677,131.33,8,2021,3
-12.677,131.33,9,2021,1
-12.677,131.653,8,2021,2
-12.677,131.656,8,2021,1
-12.677,131.657,8,2021,1
-12.676,131.331,7,2022,4
-12.676,131.331,9,2021,1
-12.676,131.332,7,2022,1
-12.676,131.332,9,2021,2
-12.676,131.333,7,2022,3
-12.676,131.652,8,2021,1
-12.676,131.654,8,2021,1
-12.675,131.332,8,2021,1
-12.674,131.332,7,2022,3
-12.674,131.332,8,2021,1
-12.674,131.332,9,2021,1
-12.674,131.651,8,2021,1
-12.673,131.332,7,2022,1
-12.673,131.332,8,2021,1
-12.673,131.333,7,2022,1
-12.672,131.332,7,2022,2
-12.672,131.332,9,2021,1
-12.672,131.333,8,2021,1
-12.672,131.333,9,2021,1
-12.671,131.333,7,2022,1
-12.671,131.333,8,2021,4
-12.671,131.654,8,2021,1
-12.67,131.333,7,2022,2
-12.67,131.333,8,2021,1
-12.67,131.333,9,2021,3
-12.67,131.654,8,2021,2
-12.669,131.333,7,2022,2
-12.669,131.333,9,2021,1
-12.669,131.334,9,2021,1
-12.669,131.654,8,2021,1
-12.668,131.334,8,2021,1
-12.668,131.334,9,2021,1
-12.668,131.335,8,2021,1
-12.668,131.653,8,2021,1
-12.667,131.334,9,2021,1
-12.667,131.335,8,2021,1
-12.666,131.334,7,2022,1
-12.665,131.334,8,2021,6
-12.665,131.334,9,2021,3
-12.665,131.335,9,2021,2
-12.665,131.653,8,2021,1
-12.665,131.655,8,2021,1
-12.664,131.335,7,2022,1
-12.664,131.335,8,2021,2
-12.664,131.336,7,2022,2
-12.664,131.336,9,2021,1
-12.664,131.653,8,2021,1
-12.664,131.655,8,2021,1
-12.663,131.336,8,2021,2
-12.663,131.336,9,2021,1
-12.663,131.337,8,2021,1
-12.662,131.336,8,2021,1
-12.662,131.337,7,2022,2
-12.662,131.337,8,2021,3
-12.661,131.337,7,2022,3
-12.661,131.337,9,2021,1
-12.661,131.338,9,2021,1
-12.66,131.337,7,2022,2
-12.66,131.337,8,2021,2
-12.66,131.337,9,2021,1
-12.66,131.338,7,2022,2
-12.66,131.338,9,2021,1
-12.66,131.654,8,2021,1
-12.66,131.655,8,2021,1
-12.659,131.337,8,2021,1
-12.659,131.337,9,2021,1
-12.659,131.338,8,2021,1
-12.659,131.338,9,2021,1
-12.658,131.337,8,2021,1
-12.658,131.655,8,2021,1
-12.657,131.338,7,2022,1
-12.656,131.338,7,2022,1
-12.656,131.338,8,2021,1
-12.656,131.338,9,2021,1
-12.656,131.339,7,2022,1
-12.656,131.339,8,2021,2
-12.656,131.655,8,2021,2
-12.655,131.338,7,2022,1
-12.655,131.339,7,2022,1
-12.655,131.339,9,2021,1
-12.655,131.651,8,2021,2
-12.655,131.655,8,2021,2
-12.654,131.338,7,2022,2
-12.654,131.339,8,2021,3
-12.654,131.339,9,2021,1
-12.654,131.653,8,2021,1
-12.654,131.654,8,2021,1
-12.653,131.338,8,2021,1
-12.653,131.338,9,2021,1
-12.653,131.339,7,2022,1
-12.653,131.339,8,2021,1
-12.653,131.34,7,2022,2
-12.653,131.34,8,2021,1
-12.653,131.65,8,2021,3
-12.652,131.339,9,2021,1
-12.652,131.34,8,2021,2
-12.652,131.651,8,2021,1
-12.651,131.34,9,2021,1
-12.651,131.341,8,2021,2
-12.651,131.341,9,2021,3
-12.65,131.341,8,2021,1
-12.65,131.341,9,2021,2
-12.65,131.342,7,2022,1
-12.65,131.342,9,2021,1
-12.65,131.363,7,2022,1
-12.65,131.652,8,2021,1
-12.65,131.653,8,2021,1
-12.649,131.343,8,2021,1
-12.649,131.343,9,2021,1
-12.649,131.357,9,2021,1
-12.649,131.358,9,2021,3
-12.649,131.359,7,2022,1
-12.649,131.36,9,2021,1
-12.649,131.361,7,2022,3
-12.649,131.363,8,2021,1
-12.649,131.363,9,2021,1
-12.649,131.364,8,2021,2
-12.649,131.365,7,2022,2
-12.649,131.365,8,2021,3
-12.649,131.365,9,2021,1
-12.649,131.366,7,2022,1
-12.649,131.366,8,2021,2
-12.649,131.367,9,2021,1
-12.649,131.651,8,2021,1
-12.648,131.343,8,2021,2
-12.648,131.343,9,2021,1
-12.648,131.345,9,2021,1
-12.648,131.355,7,2022,1
-12.648,131.355,8,2021,1
-12.648,131.356,8,2021,1
-12.648,131.356,9,2021,1
-12.648,131.358,8,2021,2
-12.648,131.359,9,2021,1
-12.648,131.36,7,2022,1
-12.648,131.367,7,2022,1
-12.648,131.367,9,2021,1
-12.647,131.344,9,2021,2
-12.647,131.345,7,2022,2
-12.647,131.345,8,2021,1
-12.647,131.354,8,2021,1
-12.647,131.354,9,2021,1
-12.647,131.355,7,2022,1
-12.647,131.356,9,2021,1
-12.647,131.368,8,2021,1
-12.647,131.368,9,2021,4
-12.646,131.344,8,2021,2
-12.646,131.346,7,2022,1
-12.646,131.346,8,2021,1
-12.646,131.352,7,2022,1
-12.646,131.353,8,2021,1
-12.646,131.353,9,2021,1
-12.646,131.368,8,2021,1
-12.646,131.369,7,2022,1
-12.646,131.653,8,2021,1
-12.645,131.347,7,2022,1
-12.645,131.347,8,2021,1
-12.645,131.352,7,2022,1
-12.645,131.352,8,2021,1
-12.645,131.354,8,2021,1
-12.645,131.369,9,2021,2
-12.645,131.652,8,2021,1
-12.644,131.347,7,2022,1
-12.644,131.347,8,2021,2
-12.644,131.348,8,2021,5
-12.644,131.348,9,2021,2
-12.644,131.349,9,2021,1
-12.644,131.35,9,2021,1
-12.644,131.351,7,2022,1
-12.644,131.351,8,2021,1
-12.644,131.351,9,2021,1
-12.644,131.367,9,2021,1
-12.644,131.368,7,2022,1
-12.644,131.368,8,2021,1
-12.644,131.652,8,2021,1
-12.643,131.348,7,2022,1
-12.643,131.348,8,2021,1
-12.643,131.348,9,2021,1
-12.643,131.349,7,2022,1
-12.643,131.351,9,2021,1
-12.643,131.352,9,2021,1
-12.643,131.367,8,2021,1
-12.643,131.367,9,2021,2
-12.643,131.368,7,2022,1
-12.642,131.652,8,2021,1
-12.641,131.357,7,2022,2
-12.641,131.357,8,2021,1
-12.641,131.357,9,2021,1
-12.641,131.358,9,2021,1
-12.641,131.359,7,2022,1
-12.641,131.359,8,2021,1
-12.641,131.359,9,2021,1
-12.641,131.36,7,2022,1
-12.641,131.36,8,2021,1
-12.641,131.36,9,2021,1
-12.641,131.361,7,2022,1
-12.641,131.361,9,2021,1
-12.641,131.362,9,2021,3
-12.641,131.364,8,2021,1
-12.64,131.356,8,2021,1
-12.64,131.356,9,2021,1
-12.64,131.358,9,2021,1
-12.64,131.359,8,2021,1
-12.639,131.355,7,2022,1
-12.639,131.355,9,2021,1
-12.639,131.356,7,2022,1
-12.639,131.357,8,2021,1
-12.638,131.355,8,2021,1
-12.638,131.355,9,2021,2
-12.637,131.355,8,2021,1
-12.636,131.355,8,2021,1
-12.636,131.355,9,2021,1
-12.635,131.356,9,2021,1
-12.634,131.355,7,2022,1
-12.634,131.355,8,2021,2
-12.634,131.356,7,2022,3
-12.634,131.356,8,2021,3
-12.634,131.356,9,2021,1
-12.633,131.357,8,2021,2
-12.633,131.357,9,2021,1
-12.633,131.657,8,2021,2
-12.632,131.356,7,2022,2
-12.632,131.357,8,2021,1
-12.632,131.357,9,2021,2
-12.631,131.357,9,2021,1
-12.63,131.358,7,2022,1
-12.63,131.358,9,2021,1
-12.629,131.359,7,2022,3
-12.629,131.659,8,2021,1
-12.628,131.358,9,2021,1
-12.628,131.36,8,2021,1
-12.628,131.36,9,2021,1
-12.627,131.36,7,2022,1
-12.627,131.361,9,2021,1
-12.627,131.362,7,2022,2
-12.626,131.363,8,2021,1
-12.625,131.363,7,2022,1
-12.625,131.363,9,2021,1
-12.625,131.364,9,2021,1
-12.625,131.365,9,2021,1
-12.624,131.365,7,2022,1
-12.624,131.365,8,2021,1
-12.624,131.365,9,2021,1
-12.624,131.659,8,2021,1
-12.623,131.366,7,2022,1
-12.623,131.366,9,2021,1
-12.623,131.367,8,2021,2
-12.623,131.368,7,2022,1
-12.622,131.368,7,2022,1
-12.622,131.368,8,2021,2
-12.622,131.368,9,2021,2
-12.622,131.369,9,2021,1
-12.622,131.37,7,2022,1
-12.622,131.658,8,2021,1
-12.622,131.659,8,2021,1
-12.621,131.37,7,2022,1
-12.621,131.37,8,2021,1
-12.621,131.37,9,2021,3
-12.621,131.371,8,2021,2
-12.62,131.371,7,2022,1
-12.62,131.372,8,2021,3
-12.619,131.372,7,2022,1
-12.619,131.372,9,2021,1
-12.618,131.372,7,2022,3
-12.618,131.373,9,2021,1
-12.618,131.374,9,2021,1
-12.617,131.373,8,2021,1
-12.617,131.375,8,2021,2
-12.617,131.375,9,2021,1
-12.616,131.374,7,2022,1
-12.616,131.374,8,2021,1
-12.616,131.375,7,2022,2
-12.616,131.375,9,2021,2
-12.615,131.375,7,2022,4
-12.615,131.375,8,2021,5
-12.615,131.375,9,2021,3
-12.615,131.376,8,2021,1
-12.615,131.656,8,2021,1
-12.614,131.377,7,2022,1
-12.614,131.377,8,2021,3
-12.614,131.656,8,2021,1
-12.613,131.376,8,2021,1
-12.613,131.377,7,2022,1
-12.613,131.377,9,2021,2
-12.613,131.378,7,2022,1
-12.612,131.377,8,2021,2
-12.612,131.377,9,2021,3
-12.612,131.653,8,2021,1
-12.611,131.377,9,2021,1
-12.611,131.378,8,2021,1
-12.611,131.379,8,2021,1
-12.611,131.379,9,2021,3
-12.611,131.652,8,2021,1
-12.61,131.378,7,2022,3
-12.61,131.378,8,2021,1
-12.61,131.378,9,2021,1
-12.61,131.379,7,2022,1
-12.61,131.379,8,2021,4
-12.61,131.652,8,2021,1
-12.61,131.664,8,2021,1
-12.609,131.653,8,2021,1
-12.609,131.656,8,2021,1
-12.609,131.658,8,2021,3
-12.609,131.665,8,2021,1
-12.608,131.377,7,2022,1
-12.608,131.378,7,2022,1
-12.608,131.378,8,2021,1
-12.608,131.654,8,2021,1
-12.608,131.655,8,2021,1
-12.607,131.376,7,2022,1
-12.607,131.376,8,2021,1
-12.607,131.376,9,2021,1
-12.607,131.377,9,2021,1
-12.607,131.668,8,2021,1
-12.607,131.671,8,2021,1
-12.606,131.375,9,2021,2
-12.606,131.376,8,2021,3
-12.606,131.672,8,2021,1
-12.605,131.374,7,2022,1
-12.605,131.375,7,2022,1
-12.605,131.375,8,2021,4
-12.605,131.375,9,2021,1
-12.604,131.375,7,2022,1
-12.603,131.373,7,2022,1
-12.603,131.373,9,2021,3
-12.603,131.374,7,2022,1
-12.603,131.67,8,2021,2
-12.602,131.374,7,2022,1
-12.602,131.374,9,2021,1
-12.601,131.374,7,2022,1
-12.601,131.374,8,2021,1
-12.6,131.374,7,2022,1
-12.6,131.375,7,2022,1
-12.6,131.375,8,2021,2
-12.599,131.374,8,2021,2
-12.599,131.375,7,2022,1
-12.599,131.375,9,2021,1
-12.599,131.667,8,2021,2
-12.598,131.375,7,2022,1
-12.598,131.376,7,2022,1
-12.598,131.376,9,2021,2
-12.598,131.666,8,2021,1
-12.598,131.667,8,2021,1
-12.597,131.376,8,2021,3
-12.597,131.376,9,2021,1
-12.597,131.377,7,2022,3
-12.596,131.376,7,2022,1
-12.596,131.376,9,2021,1
-12.596,131.377,8,2021,5
-12.596,131.378,7,2022,2
-12.596,131.378,9,2021,1
-12.595,131.378,8,2021,1
-12.595,131.378,9,2021,1
-12.595,131.379,7,2022,1
-12.595,131.379,8,2021,1
-12.595,131.379,9,2021,1
-12.595,131.38,8,2021,2
-12.595,131.38,9,2021,1
-12.595,131.381,7,2022,1
-12.595,131.383,7,2022,1
-12.595,131.384,7,2022,1
-12.595,131.384,8,2021,2
-12.595,131.384,9,2021,1
-12.595,131.386,7,2022,1
-12.595,131.386,8,2021,4
-12.595,131.386,9,2021,1
-12.594,131.379,8,2021,1
-12.594,131.38,7,2022,1
-12.594,131.38,9,2021,1
-12.594,131.381,7,2022,1
-12.594,131.381,8,2021,1
-12.594,131.381,9,2021,2
-12.594,131.382,8,2021,3
-12.594,131.382,9,2021,2
-12.594,131.383,8,2021,2
-12.594,131.383,9,2021,1
-12.594,131.384,7,2022,1
-12.594,131.384,9,2021,1
-12.594,131.385,7,2022,1
-12.594,131.385,9,2021,1
-12.594,131.386,8,2021,2
-12.594,131.386,9,2021,1
-12.594,131.387,7,2022,1
-12.594,131.387,8,2021,1
-12.594,131.387,9,2021,2
-12.593,131.381,7,2022,1
-12.593,131.386,8,2021,6
-12.593,131.386,9,2021,1
-12.593,131.671,8,2021,2
-12.593,131.672,8,2021,1
-12.592,131.386,7,2022,5
-12.592,131.387,7,2022,1
-12.592,131.387,9,2021,2
-12.592,131.672,8,2021,1
-12.591,131.386,9,2021,1
-12.591,131.387,9,2021,1
-12.591,131.673,8,2021,2
-12.59,131.385,7,2022,2
-12.59,131.385,8,2021,2
-12.589,131.381,7,2022,1
-12.589,131.383,8,2021,1
-12.589,131.383,9,2021,2
-12.589,131.384,7,2022,1
-12.589,131.384,8,2021,1
-12.589,131.385,7,2022,1
-12.589,131.673,8,2021,1
-12.588,131.38,8,2021,1
-12.588,131.381,8,2021,1
-12.588,131.382,7,2022,1
-12.588,131.382,8,2021,1
-12.588,131.383,7,2022,1
-12.588,131.668,8,2021,1
-12.588,131.669,8,2021,2
-12.588,131.67,8,2021,1
-12.588,131.673,8,2021,1
-12.587,131.379,9,2021,1
-12.587,131.38,7,2022,2
-12.587,131.38,8,2021,1
-12.587,131.38,9,2021,1
-12.586,131.379,7,2022,1
-12.586,131.379,8,2021,2
-12.586,131.379,9,2021,1
-12.586,131.671,8,2021,2
-12.586,131.672,8,2021,1
-12.585,131.378,8,2021,1
-12.585,131.379,9,2021,1
-12.585,131.671,8,2021,1
-12.583,131.379,8,2021,2
-12.583,131.38,7,2022,1
-12.583,131.671,8,2021,1
-12.582,131.38,9,2021,1
-12.582,131.381,9,2021,1
-12.582,131.671,8,2021,1
-12.581,131.38,7,2022,1
-12.581,131.382,7,2022,1
-12.581,131.382,8,2021,1
-12.58,131.381,7,2022,2
-12.58,131.381,8,2021,1
-12.58,131.382,8,2021,1
-12.58,131.383,7,2022,2
-12.58,131.383,8,2021,1
-12.58,131.67,8,2021,1
-12.579,131.382,7,2022,1
-12.579,131.383,7,2022,1
-12.579,131.383,8,2021,1
-12.579,131.384,8,2021,1
-12.579,131.669,8,2021,1
-12.578,131.383,7,2022,1
-12.578,131.383,8,2021,1
-12.578,131.384,7,2022,1
-12.578,131.385,7,2022,1
-12.577,131.384,8,2021,1
-12.577,131.385,9,2021,1
-12.577,131.386,7,2022,2
-12.577,131.386,9,2021,3
-12.576,131.385,8,2021,1
-12.576,131.386,7,2022,1
-12.576,131.386,8,2021,1
-12.576,131.386,9,2021,2
-12.576,131.387,8,2021,2
-12.576,131.388,8,2021,1
-12.576,131.666,8,2021,2
-12.575,131.387,8,2021,5
-12.575,131.387,9,2021,1
-12.575,131.389,8,2021,1
-12.575,131.389,9,2021,1
-12.575,131.665,8,2021,2
-12.574,131.382,9,2021,1
-12.574,131.386,7,2022,1
-12.574,131.387,7,2022,3
-12.574,131.388,7,2022,2
-12.574,131.388,9,2021,3
-12.574,131.665,8,2021,2
-12.574,131.666,8,2021,1
-12.573,131.381,8,2021,2
-12.573,131.381,9,2021,1
-12.573,131.382,7,2022,1
-12.573,131.383,7,2022,1
-12.573,131.383,8,2021,1
-12.573,131.384,7,2022,1
-12.573,131.385,7,2022,2
-12.573,131.385,8,2021,1
-12.573,131.385,9,2021,2
-12.573,131.386,8,2021,2
-12.573,131.386,9,2021,1
-12.573,131.387,8,2021,2
-12.573,131.666,8,2021,1
-12.572,131.379,7,2022,1
-12.572,131.38,8,2021,1
-12.572,131.383,7,2022,1
-12.572,131.384,8,2021,1
-12.572,131.667,8,2021,1
-12.571,131.379,8,2021,1
-12.571,131.379,9,2021,1
-12.571,131.668,8,2021,1
-12.57,131.379,7,2022,2
-12.57,131.379,9,2021,3
-12.57,131.67,8,2021,1
-12.569,131.379,7,2022,1
-12.569,131.379,9,2021,1
-12.569,131.38,7,2022,1
-12.569,131.38,8,2021,1
-12.569,131.38,9,2021,2
-12.569,131.671,8,2021,2
-12.568,131.379,8,2021,1
-12.568,131.38,8,2021,1
-12.568,131.38,9,2021,1
-12.568,131.671,8,2021,3
-12.567,131.38,9,2021,1
-12.567,131.381,8,2021,2
-12.567,131.381,9,2021,1
-12.566,131.381,9,2021,2
-12.566,131.382,7,2022,1
-12.566,131.382,8,2021,2
-12.565,131.381,9,2021,2
-12.565,131.384,8,2021,2
-12.565,131.384,9,2021,1
-12.564,131.383,9,2021,1
-12.564,131.384,9,2021,1
-12.563,131.384,8,2021,2
-12.563,131.384,9,2021,1
-12.563,131.385,7,2022,2
-12.563,131.386,7,2022,1
-12.563,131.386,8,2021,2
-12.562,131.386,8,2021,1
-12.562,131.386,9,2021,1
-12.561,131.385,8,2021,5
-12.561,131.385,9,2021,1
-12.561,131.386,8,2021,1
-12.561,131.386,9,2021,3
-12.56,131.385,7,2022,2
-12.56,131.386,7,2022,1
-12.559,131.383,8,2021,1
-12.558,131.382,8,2021,2
-12.558,131.382,9,2021,1
-12.557,131.381,7,2022,2
-12.557,131.381,9,2021,1
-12.557,131.383,7,2022,1
-12.556,131.378,7,2022,1
-12.556,131.378,9,2021,1
-12.556,131.379,7,2022,2
-12.556,131.38,8,2021,5
-12.556,131.38,9,2021,1
-12.556,131.381,8,2021,1
-12.555,131.375,8,2021,1
-12.555,131.376,9,2021,2
-12.555,131.377,8,2021,2
-12.555,131.377,9,2021,1
-12.555,131.378,8,2021,2
-12.555,131.379,9,2021,1
-12.554,131.375,8,2021,2
-12.554,131.376,7,2022,1
-12.554,131.376,8,2021,1
-12.553,131.373,7,2022,1
-12.553,131.373,8,2021,1
-12.553,131.374,7,2022,1
-12.553,131.374,9,2021,2
-12.553,131.375,7,2022,1
-12.553,131.375,8,2021,1
-12.552,131.373,7,2022,1
-12.552,131.373,8,2021,1
-12.552,131.374,8,2021,2
-12.552,131.374,9,2021,2
-12.552,131.375,8,2021,1
-12.551,131.373,7,2022,1
-12.551,131.374,8,2021,1
-12.55,131.374,7,2022,1
-12.55,131.374,9,2021,1
-12.55,131.376,7,2022,1
-12.549,131.376,7,2022,3
-12.549,131.376,8,2021,1
-12.549,131.377,7,2022,1
-12.549,131.377,8,2021,3
-12.549,131.378,7,2022,4
-12.548,131.378,8,2021,1
-12.548,131.379,8,2021,2
-12.548,131.38,8,2021,2
-12.547,131.379,7,2022,2
-12.547,131.379,8,2021,1
-12.546,131.38,8,2021,1
-12.546,131.382,7,2022,2
-12.546,131.382,8,2021,1
-12.546,131.383,8,2021,1
-12.546,131.384,7,2022,1
-12.546,131.39,8,2021,1
-12.545,131.384,8,2021,2
-12.545,131.386,7,2022,1
-12.545,131.387,8,2021,3
-12.545,131.388,7,2022,2
-12.545,131.389,8,2021,1
-12.545,131.393,8,2021,2
-12.544,131.385,8,2021,1
-12.544,131.387,7,2022,2
-12.544,131.388,8,2021,1
-12.544,131.392,7,2022,1
-12.543,131.393,8,2021,1
-12.543,131.394,7,2022,4
-12.542,131.394,7,2022,1
-12.542,131.395,8,2021,2
-12.541,131.394,7,2022,2
-12.54,131.394,8,2021,1
-12.54,131.396,8,2021,1
-12.539,131.395,7,2022,1
-12.539,131.396,7,2022,1
-12.537,131.395,7,2022,2
-12.537,131.396,8,2021,1
-12.536,131.395,8,2021,1
-12.535,131.395,7,2022,2
-12.534,131.397,8,2021,1
-12.533,131.396,8,2021,3
-12.531,131.396,7,2022,1
-12.53,131.395,8,2021,2
-12.529,131.396,7,2022,2
-12.528,131.394,8,2021,1
-12.527,131.394,7,2022,1
-12.526,131.394,8,2021,2
-12.525,131.391,8,2021,2
-12.525,131.392,7,2022,1
-12.525,131.393,8,2021,2
-12.524,131.389,8,2021,1
-12.524,131.39,7,2022,1
-12.524,131.728,8,2021,3
-12.524,131.729,8,2021,1
-12.523,131.388,7,2022,1
-12.523,131.389,8,2021,2
-12.521,131.388,7,2022,1
-12.521,131.389,7,2022,1
-12.521,131.389,8,2021,2
-12.521,131.724,8,2021,1
-12.521,131.727,8,2021,1
-12.52,131.389,8,2021,1
-12.519,131.39,7,2022,1
-12.518,131.389,8,2021,1
-12.518,131.391,7,2022,1
-12.517,131.39,8,2021,4
-12.517,131.727,8,2021,1
-12.516,131.392,7,2022,1
-12.516,131.393,7,2022,2
-12.516,131.721,8,2021,1
-12.516,131.723,8,2021,1
-12.516,131.725,8,2021,4
-12.516,131.726,8,2021,1
-12.515,131.721,8,2021,5
-12.515,131.722,8,2021,2
-12.515,131.724,8,2021,1
-12.515,131.725,8,2021,1
-12.514,131.394,7,2022,1
-12.514,131.394,8,2021,2
-12.514,131.718,8,2021,1
-12.514,131.723,8,2021,1
-12.513,131.379,8,2021,2
-12.513,131.381,7,2022,1
-12.513,131.381,8,2021,2
-12.513,131.382,8,2021,2
-12.513,131.384,8,2021,1
-12.513,131.394,7,2022,1
-12.513,131.717,8,2021,2
-12.512,131.377,7,2022,1
-12.512,131.377,8,2021,3
-12.512,131.378,7,2022,1
-12.512,131.379,7,2022,1
-12.512,131.38,7,2022,1
-12.512,131.382,7,2022,1
-12.512,131.382,8,2021,2
-12.512,131.385,8,2021,1
-12.512,131.394,7,2022,1
-12.512,131.394,8,2021,1
-12.512,131.395,8,2021,1
-12.512,131.717,8,2021,3
-12.511,131.377,7,2022,1
-12.511,131.385,7,2022,1
-12.511,131.386,8,2021,2
-12.511,131.387,8,2021,3
-12.511,131.394,7,2022,1
-12.511,131.395,7,2022,1
-12.511,131.716,8,2021,1
-12.51,131.377,7,2022,1
-12.51,131.386,7,2022,1
-12.51,131.388,7,2022,1
-12.51,131.394,7,2022,1
-12.51,131.395,8,2021,3
-12.51,131.716,8,2021,1
-12.509,131.388,7,2022,1
-12.509,131.395,7,2022,1
-12.509,131.395,8,2021,2
-12.509,131.717,8,2021,6
-12.508,131.375,8,2021,2
-12.508,131.388,7,2022,1
-12.508,131.389,8,2021,1
-12.508,131.394,7,2022,1
-12.508,131.395,8,2021,1
-12.508,131.718,8,2021,1
-12.508,131.719,8,2021,1
-12.508,131.72,8,2021,5
-12.507,131.375,7,2022,1
-12.507,131.389,7,2022,2
-12.507,131.391,8,2021,2
-12.507,131.394,7,2022,1
-12.507,131.395,8,2021,1
-12.507,131.719,8,2021,1
-12.506,131.375,7,2022,1
-12.506,131.375,8,2021,6
-12.506,131.391,7,2022,1
-12.506,131.392,7,2022,1
-12.506,131.393,8,2021,3
-12.506,131.722,8,2021,1
-12.505,131.723,8,2021,2
-12.504,131.377,8,2021,1
-12.503,131.377,7,2022,2
-12.503,131.377,8,2021,1
-12.503,131.721,8,2021,2
-12.503,131.722,8,2021,4
-12.502,131.377,7,2022,1
-12.502,131.377,8,2021,4
-12.502,131.38,7,2022,1
-12.502,131.721,8,2021,3
-12.501,131.378,7,2022,1
-12.501,131.378,8,2021,1
-12.501,131.38,8,2021,2
-12.501,131.72,8,2021,2
-12.501,131.721,8,2021,3
-12.5,131.379,8,2021,2
-12.5,131.721,8,2021,1
-12.499,131.381,8,2021,2
-12.499,131.721,8,2021,2
-12.498,131.38,8,2021,1
-12.498,131.722,8,2021,2
-12.497,131.38,8,2021,4
-12.497,131.381,7,2022,2
-12.497,131.381,8,2021,1
-12.497,131.722,8,2021,2
-12.496,131.722,8,2021,2
-12.495,131.38,8,2021,1
-12.495,131.381,7,2022,3
-12.495,131.723,8,2021,1
-12.494,131.379,7,2022,2
-12.494,131.38,8,2021,2
-12.494,131.722,8,2021,1
-12.494,131.723,8,2021,2
-12.493,131.365,7,2022,3
-12.493,131.366,8,2021,1
-12.493,131.379,7,2022,1
-12.493,131.379,8,2021,2
-12.493,131.722,8,2021,2
-12.493,131.723,8,2021,2
-12.492,131.362,8,2021,3
-12.492,131.364,8,2021,2
-12.492,131.365,7,2022,1
-12.492,131.377,7,2022,1
-12.492,131.378,8,2021,2
-12.491,131.362,7,2022,1
-12.491,131.362,8,2021,1
-12.491,131.363,8,2021,1
-12.491,131.367,7,2022,2
-12.491,131.37,7,2022,1
-12.491,131.377,8,2021,1
-12.491,131.379,7,2022,1
-12.491,131.722,8,2021,3
-12.49,131.369,8,2021,2
-12.49,131.371,8,2021,1
-12.49,131.373,8,2021,2
-12.49,131.374,7,2022,2
-12.49,131.375,8,2021,2
-12.49,131.376,8,2021,1
-12.49,131.722,8,2021,1
-12.489,131.362,7,2022,1
-12.489,131.372,7,2022,1
-12.489,131.373,7,2022,1
-12.489,131.721,8,2021,3
-12.489,131.722,8,2021,1
-12.488,131.36,8,2021,1
-12.488,131.362,7,2022,2
-12.488,131.721,8,2021,1
-12.488,131.722,8,2021,5
-12.487,131.362,7,2022,2
-12.487,131.362,8,2021,2
-12.487,131.721,8,2021,2
-12.487,131.722,8,2021,4
-12.486,131.722,8,2021,3
-12.486,131.724,8,2021,13
-12.485,131.361,7,2022,1
-12.485,131.361,8,2021,2
-12.484,131.362,8,2021,1
-12.484,131.364,7,2022,1
-12.483,131.345,8,2021,1
-12.483,131.346,8,2021,2
-12.483,131.347,7,2022,2
-12.483,131.348,7,2022,2
-12.483,131.349,7,2022,1
-12.483,131.35,7,2022,1
-12.483,131.363,8,2021,1
-12.483,131.365,8,2021,2
-12.483,131.366,7,2022,1
-12.483,131.724,9,2021,1
-12.482,131.346,8,2021,1
-12.482,131.348,7,2022,1
-12.482,131.348,8,2021,2
-12.482,131.351,7,2022,1
-12.482,131.363,7,2022,1
-12.482,131.724,9,2021,2
-12.481,131.343,7,2022,1
-12.481,131.344,7,2022,1
-12.481,131.345,7,2022,1
-12.481,131.345,8,2021,1
-12.481,131.35,8,2021,2
-12.481,131.365,7,2022,1
-12.481,131.366,7,2022,2
-12.481,131.366,8,2021,1
-12.481,131.367,8,2021,1
-12.481,131.369,8,2021,3
-12.481,131.37,8,2021,3
-12.48,131.343,7,2022,4
-12.48,131.344,8,2021,1
-12.48,131.351,7,2022,2
-12.48,131.351,8,2021,1
-12.48,131.368,7,2022,1
-12.48,131.37,7,2022,2
-12.479,131.344,8,2021,2
-12.479,131.352,7,2022,1
-12.479,131.353,7,2022,1
-12.479,131.353,8,2021,1
-12.479,131.369,7,2022,1
-12.479,131.722,9,2021,2
-12.478,131.342,7,2022,1
-12.478,131.352,7,2022,1
-12.478,131.369,7,2022,2
-12.478,131.369,8,2021,1
-12.478,131.714,9,2021,5
-12.478,131.716,9,2021,6
-12.478,131.722,9,2021,2
-12.477,131.343,7,2022,1
-12.477,131.353,7,2022,3
-12.477,131.369,7,2022,1
-12.477,131.369,8,2021,3
-12.477,131.717,9,2021,1
-12.477,131.721,9,2021,1
-12.476,131.342,8,2021,1
-12.476,131.343,8,2021,1
-12.476,131.354,7,2022,1
-12.476,131.355,7,2022,1
-12.476,131.356,7,2022,2
-12.476,131.357,8,2021,2
-12.476,131.367,7,2022,1
-12.476,131.367,8,2021,2
-12.476,131.721,9,2021,1
-12.475,131.342,7,2022,1
-12.475,131.343,7,2022,1
-12.475,131.354,8,2021,1
-12.475,131.359,7,2022,1
-12.475,131.361,7,2022,1
-12.475,131.363,7,2022,3
-12.475,131.364,8,2021,2
-12.475,131.366,8,2021,2
-12.475,131.367,7,2022,2
-12.475,131.718,9,2021,2
-12.475,131.719,9,2021,2
-12.475,131.72,9,2021,3
-12.474,131.343,8,2021,3
-12.474,131.357,8,2021,3
-12.474,131.358,7,2022,1
-12.474,131.364,7,2022,1
-12.474,131.365,7,2022,1
-12.474,131.365,8,2021,2
-12.473,131.345,8,2021,1
-12.473,131.718,9,2021,5
-12.472,131.347,7,2022,1
-12.472,131.718,9,2021,1
-12.471,131.345,7,2022,2
-12.471,131.345,8,2021,1
-12.471,131.346,8,2021,1
-12.47,131.347,7,2022,1
-12.47,131.348,8,2021,3
-12.47,131.349,7,2022,1
-12.47,131.351,7,2022,1
-12.47,131.352,7,2022,1
-12.47,131.352,8,2021,2
-12.47,131.353,7,2022,4
-12.47,131.353,8,2021,1
-12.47,131.719,9,2021,2
-12.469,131.351,7,2022,1
-12.469,131.352,8,2021,1
-12.469,131.72,9,2021,5
-12.468,131.354,8,2021,2
-12.468,131.355,8,2021,1
-12.467,131.355,7,2022,3
-12.467,131.721,9,2021,3
-12.466,131.355,7,2022,2
-12.466,131.355,8,2021,2
-12.466,131.721,9,2021,1
-12.465,131.338,8,2021,2
-12.465,131.339,7,2022,1
-12.465,131.341,7,2022,1
-12.465,131.342,7,2022,1
-12.465,131.355,7,2022,2
-12.465,131.355,8,2021,2
-12.465,131.721,9,2021,2
-12.464,131.34,8,2021,2
-12.464,131.343,8,2021,1
-12.464,131.354,7,2022,1
-12.463,131.336,7,2022,2
-12.463,131.337,7,2022,1
-12.463,131.338,7,2022,1
-12.463,131.345,7,2022,2
-12.463,131.345,8,2021,1
-12.463,131.346,7,2022,1
-12.463,131.353,7,2022,2
-12.463,131.354,8,2021,1
-12.463,131.722,9,2021,1
-12.462,131.338,7,2022,2
-12.462,131.344,7,2022,1
-12.462,131.347,7,2022,1
-12.462,131.348,7,2022,1
-12.462,131.349,8,2021,1
-12.462,131.35,8,2021,1
-12.462,131.352,7,2022,2
-12.462,131.353,7,2022,1
-12.461,131.336,7,2022,1
-12.461,131.337,8,2021,1
-12.461,131.347,8,2021,1
-12.461,131.348,7,2022,1
-12.46,131.336,7,2022,1
-12.46,131.336,8,2021,1
-12.459,131.336,7,2022,1
-12.459,131.336,8,2021,1
-12.459,131.72,9,2021,1
-12.458,131.327,8,2021,1
-12.458,131.328,7,2022,1
-12.458,131.328,8,2021,1
-12.458,131.336,7,2022,2
-12.458,131.338,8,2021,1
-12.458,131.716,9,2021,1
-12.458,131.717,9,2021,5
-12.458,131.719,9,2021,5
-12.458,131.72,9,2021,4
-12.457,131.325,7,2022,2
-12.457,131.325,8,2021,3
-12.457,131.328,7,2022,1
-12.457,131.329,7,2022,1
-12.457,131.331,7,2022,1
-12.457,131.331,8,2021,2
-12.457,131.714,9,2021,2
-12.457,131.715,9,2021,9
-12.457,131.716,9,2021,8
-12.456,131.324,7,2022,2
-12.456,131.325,8,2021,1
-12.456,131.327,7,2022,1
-12.456,131.329,8,2021,2
-12.456,131.333,7,2022,1
-12.456,131.333,8,2021,1
-12.456,131.337,8,2021,3
-12.456,131.34,7,2022,1
-12.456,131.713,9,2021,2
-12.456,131.714,9,2021,7
-12.455,131.332,7,2022,2
-12.455,131.333,7,2022,2
-12.455,131.333,8,2021,1
-12.455,131.339,8,2021,3
-12.455,131.341,8,2021,1
-12.455,131.713,9,2021,5
-12.454,131.322,7,2022,1
-12.454,131.324,8,2021,1
-12.454,131.333,7,2022,1
-12.454,131.334,7,2022,1
-12.454,131.712,9,2021,2
-12.453,131.322,8,2021,1
-12.453,131.323,7,2022,1
-12.453,131.333,7,2022,2
-12.453,131.334,8,2021,1
-12.453,131.341,7,2022,1
-12.453,131.341,8,2021,1
-12.453,131.711,9,2021,3
-12.453,131.712,9,2021,2
-12.452,131.322,7,2022,1
-12.452,131.322,8,2021,2
-12.452,131.323,8,2021,3
-12.452,131.334,7,2022,1
-12.452,131.335,7,2022,1
-12.452,131.335,8,2021,1
-12.452,131.342,7,2022,1
-12.452,131.709,9,2021,3
-12.451,131.322,7,2022,1
-12.451,131.335,7,2022,1
-12.451,131.336,8,2021,1
-12.451,131.342,7,2022,1
-12.451,131.342,8,2021,1
-12.451,131.709,9,2021,1
-12.45,131.335,8,2021,1
-12.45,131.337,7,2022,1
-12.45,131.342,7,2022,2
-12.45,131.709,9,2021,1
-12.449,131.322,7,2022,1
-12.449,131.322,8,2021,1
-12.449,131.336,7,2022,1
-12.449,131.336,8,2021,1
-12.449,131.341,7,2022,4
-12.449,131.342,8,2021,2
-12.449,131.71,9,2021,6
-12.448,131.324,7,2022,1
-12.448,131.324,8,2021,1
-12.448,131.338,7,2022,3
-12.448,131.338,8,2021,1
-12.448,131.339,8,2021,1
-12.448,131.34,7,2022,2
-12.448,131.341,8,2021,1
-12.448,131.71,9,2021,4
-12.447,131.339,8,2021,1
-12.447,131.71,9,2021,4
-12.446,131.325,7,2022,1
-12.446,131.335,8,2021,2
-12.446,131.336,7,2022,1
-12.446,131.34,7,2022,2
-12.446,131.34,8,2021,1
-12.446,131.71,9,2021,5
-12.445,131.325,8,2021,1
-12.445,131.326,7,2022,1
-12.445,131.326,8,2021,1
-12.445,131.328,7,2022,1
-12.445,131.335,7,2022,1
-12.445,131.336,7,2022,1
-12.445,131.337,8,2021,3
-12.445,131.339,7,2022,1
-12.445,131.34,8,2021,1
-12.445,131.71,9,2021,7
-12.444,131.326,7,2022,3
-12.444,131.328,8,2021,1
-12.444,131.329,8,2021,1
-12.444,131.332,8,2021,2
-12.444,131.333,7,2022,1
-12.444,131.71,9,2021,7
-12.443,131.33,7,2022,1
-12.443,131.33,8,2021,1
-12.443,131.332,7,2022,1
-12.443,131.333,7,2022,2
-12.443,131.34,7,2022,1
-12.443,131.342,8,2021,1
-12.443,131.71,9,2021,3
-12.442,131.321,7,2022,1
-12.442,131.71,9,2021,1
-12.441,131.321,8,2021,1
-12.441,131.342,8,2021,3
-12.441,131.711,9,2021,1
-12.44,131.318,7,2022,1
-12.44,131.319,8,2021,1
-12.44,131.32,8,2021,2
-12.44,131.322,7,2022,1
-12.44,131.323,8,2021,1
-12.44,131.325,7,2022,3
-12.44,131.342,7,2022,2
-12.44,131.71,9,2021,2
-12.44,131.711,9,2021,3
-12.439,131.318,8,2021,2
-12.439,131.324,8,2021,2
-12.439,131.325,8,2021,1
-12.439,131.34,7,2022,2
-12.439,131.711,9,2021,1
-12.438,131.317,7,2022,1
-12.438,131.319,7,2022,1
-12.438,131.341,7,2022,3
-12.438,131.341,8,2021,2
-12.438,131.711,9,2021,2
-12.437,131.317,8,2021,1
-12.437,131.325,7,2022,2
-12.437,131.325,8,2021,2
-12.437,131.341,8,2021,2
-12.437,131.711,9,2021,1
-12.436,131.317,8,2021,1
-12.436,131.319,7,2022,1
-12.436,131.339,7,2022,3
-12.436,131.34,7,2022,1
-12.436,131.34,8,2021,1
-12.436,131.711,9,2021,4
-12.436,131.712,9,2021,1
-12.435,131.317,8,2021,1
-12.435,131.326,7,2022,1
-12.435,131.327,7,2022,1
-12.435,131.338,7,2022,1
-12.435,131.338,8,2021,2
-12.435,131.339,8,2021,1
-12.435,131.713,9,2021,1
-12.434,131.319,7,2022,1
-12.434,131.327,7,2022,2
-12.434,131.327,8,2021,1
-12.434,131.33,7,2022,1
-12.434,131.33,8,2021,1
-12.434,131.333,7,2022,1
-12.434,131.337,7,2022,2
-12.434,131.338,7,2022,2
-12.434,131.713,9,2021,1
-12.433,131.328,7,2022,1
-12.433,131.328,8,2021,1
-12.433,131.329,7,2022,1
-12.433,131.331,7,2022,1
-12.433,131.336,8,2021,1
-12.433,131.714,9,2021,2
-12.432,131.318,8,2021,3
-12.432,131.33,7,2022,1
-12.432,131.331,8,2021,1
-12.432,131.333,8,2021,2
-12.432,131.714,9,2021,1
-12.431,131.318,7,2022,1
-12.431,131.319,7,2022,1
-12.431,131.715,9,2021,1
-12.43,131.319,8,2021,1
-12.429,131.319,8,2021,1
-12.429,131.717,9,2021,2
-12.428,131.717,9,2021,1
-12.427,131.304,8,2021,1
-12.427,131.316,7,2022,2
-12.427,131.318,7,2022,1
-12.427,131.318,8,2021,1
-12.427,131.718,9,2021,1
-12.426,131.301,7,2022,1
-12.426,131.302,7,2022,1
-12.426,131.305,8,2021,1
-12.426,131.306,7,2022,3
-12.426,131.306,8,2021,1
-12.426,131.317,8,2021,1
-12.426,131.718,9,2021,2
-12.425,131.301,7,2022,1
-12.425,131.301,9,2021,1
-12.425,131.306,7,2022,1
-12.425,131.307,8,2021,1
-12.425,131.311,7,2022,1
-12.425,131.311,8,2021,1
-12.425,131.312,7,2022,1
-12.425,131.312,8,2021,2
-12.424,131.301,7,2022,2
-12.424,131.302,7,2022,1
-12.424,131.308,8,2021,1
-12.424,131.309,7,2022,1
-12.424,131.31,7,2022,1
-12.424,131.311,8,2021,2
-12.424,131.313,7,2022,1
-12.424,131.314,8,2021,1
-12.424,131.719,9,2021,1
-12.423,131.72,9,2021,1
-12.422,131.72,9,2021,1
-12.421,131.299,7,2022,1
-12.421,131.72,9,2021,1
-12.42,131.301,7,2022,1
-12.42,131.719,9,2021,4
-12.42,131.72,9,2021,1
-12.419,131.301,7,2022,2
-12.419,131.72,9,2021,2
-12.418,131.719,9,2021,2
-12.417,131.72,9,2021,1
-12.417,131.721,9,2021,1
-12.416,131.301,7,2022,1
-12.416,131.302,9,2021,1
-12.416,131.721,9,2021,1
-12.415,131.301,7,2022,1
-12.415,131.307,9,2021,1
-12.415,131.31,7,2022,1
-12.415,131.314,7,2022,1
-12.415,131.314,9,2021,1
-12.415,131.722,9,2021,2
-12.415,131.723,9,2021,1
-12.414,131.307,7,2022,1
-12.414,131.308,7,2022,1
-12.414,131.311,7,2022,1
-12.414,131.313,7,2022,1
-12.414,131.315,9,2021,1
-12.413,131.304,7,2022,1
-12.413,131.307,7,2022,1
-12.413,131.315,9,2021,1
-12.412,131.725,9,2021,2
-12.411,131.317,7,2022,1
-12.411,131.725,9,2021,1
-12.409,131.725,9,2021,2
-12.408,131.316,7,2022,1
-12.408,131.317,7,2022,1
-12.408,131.726,9,2021,4
-12.407,131.314,9,2021,1
-12.407,131.726,9,2021,1
-12.407,131.728,9,2021,3
-12.406,131.728,9,2021,2
-12.406,131.729,9,2021,3
-12.406,131.73,9,2021,4
-12.405,131.312,7,2022,1
-12.405,131.312,9,2021,1
-12.405,131.315,7,2022,1
-12.405,131.73,9,2021,1
-12.405,131.731,9,2021,4
-12.404,131.311,9,2021,1
-12.404,131.733,9,2021,1
-12.404,131.734,9,2021,1
-12.403,131.308,9,2021,1
-12.403,131.309,7,2022,1
-12.403,131.733,9,2021,1
-12.403,131.734,9,2021,1
-12.403,131.735,9,2021,2
-12.402,131.309,7,2022,1
-12.402,131.735,9,2021,1
-12.401,131.307,7,2022,1
-12.401,131.736,9,2021,1
-12.4,131.307,7,2022,1
-12.4,131.307,9,2021,1
-12.399,131.305,9,2021,2
-12.399,131.736,9,2021,1
-12.398,131.305,7,2022,1
-12.396,131.316,7,2022,1
-12.395,131.307,7,2022,1
-12.395,131.309,9,2021,1
-12.395,131.323,7,2022,1
-12.394,131.308,7,2022,1
-12.394,131.314,9,2021,1
-12.394,131.321,9,2021,1
-12.394,131.325,7,2022,1
-12.393,131.311,7,2022,1
-12.393,131.312,7,2022,1
-12.393,131.313,7,2022,1
-12.392,131.739,9,2021,1
-12.391,131.739,9,2021,1
-12.39,131.74,9,2021,1
-12.389,131.326,7,2022,1
-12.388,131.328,7,2022,1
-12.388,131.74,9,2021,1
-12.386,131.311,7,2022,1
-12.386,131.311,9,2021,1
-12.386,131.741,9,2021,2
-12.385,131.309,7,2022,1
-12.384,131.31,7,2022,1
-12.384,131.311,9,2021,1
-12.384,131.328,7,2022,2
-12.384,131.743,9,2021,1
-12.384,131.744,9,2021,1
-12.384,135.008,8,2022,3
-12.384,135.01,8,2022,2
-12.384,135.012,8,2022,2
-12.383,131.316,9,2021,1
-12.383,131.327,7,2022,1
-12.383,131.745,9,2021,1
-12.383,131.746,9,2021,1
-12.383,131.747,9,2021,2
-12.383,131.748,9,2021,1
-12.383,131.749,9,2021,4
-12.383,131.75,9,2021,1
-12.383,135.002,8,2022,1
-12.382,135.006,8,2022,1
-12.382,135.013,8,2022,1
-12.381,131.308,7,2022,3
-12.381,131.315,7,2022,1
-12.381,131.317,7,2022,1
-12.381,131.317,9,2021,1
-12.381,131.325,7,2022,1
-12.381,131.326,9,2021,1
-12.381,135.002,8,2022,1
-12.381,135.004,8,2022,1
-12.381,135.015,8,2022,1
-12.38,131.317,9,2021,1
-12.38,131.32,9,2021,1
-12.38,131.322,9,2021,1
-12.38,135.016,8,2022,4
-12.38,135.018,8,2022,1
-12.379,131.304,9,2021,1
-12.379,131.324,7,2022,1
-12.379,131.757,9,2021,1
-12.378,131.32,7,2022,1
-12.378,131.754,9,2021,2
-12.378,131.756,9,2021,1
-12.378,131.758,9,2021,1
-12.378,135.02,8,2022,1
-12.377,131.3,7,2022,1
-12.377,131.305,7,2022,1
-12.377,131.306,9,2021,1
-12.377,135.021,8,2022,1
-12.376,131.304,7,2022,1
-12.376,131.762,9,2021,1
-12.376,135.022,8,2022,2
-12.375,131.296,9,2021,1
-12.375,131.299,9,2021,1
-12.375,135.023,8,2022,2
-12.374,135.026,8,2022,1
-12.373,135.024,8,2022,1
-12.373,135.028,8,2022,2
-12.371,131.764,9,2021,1
-12.371,131.765,9,2021,2
-12.371,135.029,8,2022,2
-12.37,131.768,9,2021,1
-12.369,131.291,7,2022,1
-12.369,131.77,9,2021,1
-12.368,131.293,9,2021,1
-12.368,135.031,8,2022,3
-12.367,131.29,7,2022,1
-12.367,131.771,9,2021,1
-12.366,135.032,8,2022,2
-12.365,135.026,8,2022,1
-12.365,135.028,8,2022,1
-12.364,131.289,7,2022,1
-12.364,135.025,8,2022,3
-12.362,131.771,9,2021,1
-12.362,131.778,9,2021,4
-12.362,135.022,8,2022,3
-12.361,131.775,9,2021,1
-12.361,131.776,9,2021,2
-12.361,131.778,9,2021,1
-12.361,131.782,9,2021,1
-12.36,131.289,9,2021,1
-12.359,131.782,9,2021,1
-12.359,135.019,8,2022,1
-12.359,135.024,8,2022,1
-12.359,135.025,8,2022,1
-12.358,135.019,8,2022,4
-12.358,135.021,8,2022,3
-12.357,131.783,9,2021,1
-12.355,131.784,9,2021,2
-12.355,135.026,8,2022,1
-12.354,131.783,9,2021,1
-12.354,131.784,9,2021,1
-12.353,131.783,9,2021,2
-12.352,131.78,9,2021,1
-12.352,131.781,9,2021,4
-12.352,131.782,9,2021,2
-12.352,135.026,8,2022,1
-12.351,131.776,9,2021,1
-12.351,131.779,9,2021,2
-12.351,131.78,9,2021,1
-12.351,135.026,8,2022,1
-12.35,131.775,9,2021,1
-12.349,131.773,9,2021,4
-12.349,131.774,9,2021,1
-12.349,135.025,8,2022,1
-12.348,131.774,9,2021,1
-12.347,131.279,9,2021,2
-12.346,131.271,7,2022,2
-12.346,131.772,9,2021,1
-12.346,131.773,9,2021,1
-12.345,131.272,7,2022,1
-12.345,131.28,7,2022,1
-12.345,135.025,8,2022,1
-12.344,131.772,9,2021,1
-12.344,134.995,8,2022,1
-12.344,134.997,8,2022,1
-12.344,134.998,8,2022,1
-12.344,135.025,8,2022,1
-12.344,135.026,8,2022,2
-12.343,131.264,7,2022,1
-12.343,131.773,9,2021,1
-12.343,134.998,8,2022,1
-12.342,134.995,8,2022,1
-12.341,131.269,7,2022,1
-12.341,131.282,7,2022,1
-12.341,131.773,9,2021,1
-12.341,131.774,9,2021,1
-12.341,131.785,9,2021,1
-12.341,134.998,8,2022,1
-12.34,131.277,7,2022,1
-12.34,131.277,9,2021,1
-12.34,131.775,9,2021,1
-12.34,131.778,9,2021,1
-12.34,131.782,9,2021,1
-12.34,135.028,8,2022,1
-12.339,131.78,9,2021,1
-12.339,131.785,9,2021,1
-12.339,134.997,8,2022,1
-12.339,135.014,8,2022,1
-12.338,134.998,8,2022,1
-12.338,134.999,8,2022,3
-12.338,135.0,8,2022,1
-12.338,135.001,8,2022,1
-12.338,135.003,8,2022,1
-12.338,135.033,8,2022,1
-12.338,135.035,8,2022,2
-12.337,131.278,7,2022,1
-12.337,131.785,9,2021,2
-12.337,135.004,8,2022,1
-12.337,135.006,8,2022,1
-12.337,135.008,8,2022,2
-12.337,135.01,8,2022,1
-12.337,135.031,8,2022,1
-12.336,131.785,9,2021,1
-12.336,135.016,8,2022,1
-12.336,135.028,8,2022,1
-12.335,135.029,8,2022,1
-12.335,135.037,8,2022,1
-12.334,134.994,8,2022,1
-12.334,135.016,8,2022,1
-12.334,135.017,8,2022,1
-12.334,135.02,8,2022,1
-12.334,135.021,8,2022,1
-12.334,135.029,8,2022,1
-12.334,135.031,8,2022,3
-12.334,135.037,8,2022,2
-12.333,131.783,9,2021,1
-12.333,135.018,8,2022,1
-12.333,135.032,8,2022,1
-12.333,135.035,8,2022,1
-12.332,131.27,7,2022,2
-12.332,134.995,8,2022,1
-12.332,135.035,8,2022,1
-12.331,131.27,9,2021,2
-12.331,131.784,9,2021,3
-12.331,134.994,8,2022,1
-12.33,131.778,9,2021,1
-12.33,131.78,9,2021,2
-12.33,131.782,9,2021,1
-12.33,134.995,8,2022,1
-12.329,131.275,9,2021,1
-12.329,131.781,9,2021,1
-12.329,131.782,9,2021,1
-12.329,134.994,8,2022,3
-12.328,134.991,8,2022,1
-12.328,134.992,8,2022,1
-12.328,134.996,8,2022,1
-12.327,134.989,8,2022,2
-12.327,134.995,8,2022,1
-12.326,131.277,9,2021,1
-12.326,134.988,8,2022,2
-12.326,134.998,8,2022,1
-12.325,131.775,9,2021,1
-12.325,134.988,8,2022,2
-12.325,134.993,8,2022,1
-12.325,134.998,8,2022,1
-12.324,131.278,9,2021,1
-12.324,134.989,8,2022,2
-12.323,131.275,9,2021,1
-12.323,131.775,9,2021,2
-12.323,134.999,8,2022,1
-12.322,131.279,7,2022,1
-12.322,131.773,9,2021,1
-12.321,131.28,9,2021,1
-12.32,134.998,8,2022,1
-12.319,131.277,9,2021,1
-12.319,131.77,9,2021,1
-12.319,134.998,8,2022,1
-12.317,131.771,9,2021,1
-12.315,131.773,9,2021,1
-12.315,134.998,8,2022,1
-12.314,131.773,9,2021,1
-12.314,134.997,8,2022,1
-12.313,131.774,9,2021,1
-12.312,131.774,9,2021,1
-12.312,134.998,8,2022,1
-12.309,135.0,8,2022,4
-12.307,131.778,9,2021,1
-12.307,135.0,8,2022,1
-12.306,131.776,9,2021,1
-12.306,134.998,8,2022,1
-12.305,131.291,7,2022,1
-12.305,131.779,9,2021,1
-12.305,135.037,8,2022,1
-12.304,134.996,8,2022,1
-12.303,131.783,9,2021,1
-12.303,135.032,8,2022,1
-12.303,135.039,8,2022,1
-12.302,131.784,9,2021,1
-12.302,134.997,8,2022,1
-12.302,135.029,8,2022,1
-12.301,131.786,9,2021,1
-12.3,131.786,9,2021,1
-12.3,134.997,8,2022,1
-12.3,134.998,8,2022,1
-12.3,135.001,8,2022,1
-12.3,135.027,8,2022,1
-12.3,135.04,8,2022,1
-12.299,131.784,9,2021,1
-12.299,135.02,8,2022,1
-12.299,135.027,8,2022,1
-12.298,135.019,8,2022,1
-12.298,135.046,8,2022,1
-12.297,135.005,8,2022,2
-12.297,135.044,8,2022,1
-12.296,131.782,9,2021,1
-12.296,131.783,9,2021,1
-12.296,135.017,8,2022,2
-12.296,135.043,8,2022,1
-12.295,131.782,9,2021,1
-12.293,131.287,9,2021,1
-12.293,131.779,9,2021,1
-12.293,131.781,9,2021,1
-12.293,135.018,8,2022,2
-12.293,135.019,8,2022,3
-12.293,135.02,8,2022,1
-12.292,131.289,7,2022,1
-12.292,131.776,9,2021,2
-12.292,131.779,9,2021,1
-12.292,135.009,8,2022,1
-12.291,131.283,7,2022,1
-12.291,135.01,8,2022,1
-12.291,135.011,8,2022,1
-12.291,135.013,8,2022,1
-12.291,135.015,8,2022,1
-12.291,135.021,8,2022,1
-12.291,135.05,8,2022,1
-12.29,135.016,8,2022,1
-12.29,135.042,8,2022,1
-12.289,131.773,9,2021,1
-12.289,135.04,8,2022,1
-12.289,135.045,8,2022,2
-12.289,135.046,8,2022,1
-12.289,135.05,8,2022,1
-12.288,134.668,8,2022,2
-12.288,135.022,8,2022,1
-12.288,135.023,8,2022,2
-12.288,135.037,8,2022,1
-12.288,135.041,8,2022,1
-12.287,131.279,7,2022,1
-12.287,131.773,9,2021,2
-12.287,135.017,8,2022,1
-12.287,135.033,8,2022,1
-12.286,134.668,8,2022,1
-12.286,135.02,8,2022,1
-12.286,135.048,8,2022,1
-12.285,131.775,9,2021,1
-12.285,134.258,8,2022,1
-12.285,135.054,8,2022,1
-12.284,131.775,9,2021,1
-12.284,134.257,8,2022,2
-12.284,134.259,8,2022,1
-12.284,135.054,8,2022,1
-12.283,134.107,8,2022,1
-12.283,134.257,8,2022,1
-12.283,134.67,8,2022,1
-12.282,131.777,9,2021,1
-12.282,134.672,8,2022,1
-12.282,135.049,8,2022,2
-12.282,135.052,8,2022,1
-12.281,134.674,8,2022,1
-12.28,134.107,8,2022,1
-12.28,134.257,8,2022,1
-12.28,134.675,8,2022,1
-12.28,135.034,8,2022,1
-12.279,131.778,9,2021,1
-12.279,134.104,8,2022,1
-12.279,134.107,8,2022,4
-12.279,134.675,8,2022,1
-12.279,135.032,8,2022,1
-12.278,134.105,8,2022,1
-12.278,134.256,8,2022,1
-12.277,134.104,8,2022,3
-12.277,135.036,8,2022,1
-12.277,135.052,8,2022,2
-12.276,135.035,8,2022,1
-12.276,135.047,8,2022,1
-12.276,135.05,8,2022,1
-12.275,131.779,9,2021,1
-12.275,134.107,8,2022,1
-12.275,134.678,8,2022,1
-12.275,135.048,8,2022,1
-12.274,131.778,9,2021,1
-12.274,134.258,8,2022,1
-12.274,134.679,8,2022,1
-12.273,134.107,8,2022,1
-12.272,131.776,9,2021,2
-12.272,131.777,9,2021,1
-12.272,134.108,8,2022,2
-12.272,134.68,8,2022,1
-12.272,135.036,8,2022,1
-12.272,135.046,8,2022,1
-12.271,131.774,9,2021,1
-12.271,131.775,9,2021,1
-12.271,134.258,8,2022,2
-12.271,135.036,8,2022,1
-12.27,131.774,9,2021,1
-12.27,135.037,8,2022,1
-12.27,135.046,8,2022,1
-12.269,134.68,8,2022,2
-12.269,135.057,8,2022,1
-12.268,135.037,8,2022,1
-12.268,135.055,8,2022,1
-12.267,134.257,8,2022,1
-12.267,134.259,8,2022,1
-12.265,134.107,8,2022,2
-12.265,134.261,8,2022,1
-12.264,134.106,8,2022,1
-12.264,134.257,8,2022,1
-12.264,134.261,8,2022,1
-12.264,134.676,8,2022,2
-12.264,135.058,8,2022,3
-12.264,135.059,8,2022,1
-12.263,134.116,8,2022,2
-12.263,134.117,8,2022,1
-12.263,134.261,8,2022,1
-12.262,134.108,8,2022,1
-12.262,134.116,8,2022,1
-12.262,134.257,8,2022,2
-12.262,134.673,8,2022,4
-12.262,134.674,8,2022,1
-12.262,135.057,8,2022,1
-12.261,134.121,8,2022,1
-12.261,134.252,8,2022,1
-12.261,134.256,8,2022,1
-12.261,134.258,8,2022,2
-12.26,134.109,8,2022,1
-12.26,134.115,8,2022,1
-12.26,134.26,8,2022,1
-12.259,134.111,8,2022,1
-12.259,134.116,8,2022,1
-12.259,134.673,8,2022,1
-12.258,134.111,8,2022,1
-12.258,134.117,8,2022,1
-12.258,134.253,8,2022,1
-12.258,134.673,8,2022,1
-12.257,134.116,8,2022,4
-12.257,134.257,8,2022,1
-12.257,134.258,8,2022,1
-12.257,134.673,8,2022,1
-12.256,134.261,8,2022,1
-12.256,134.673,8,2022,2
-12.255,134.114,8,2022,2
-12.255,134.118,8,2022,1
-12.255,134.12,8,2022,1
-12.255,134.259,8,2022,1
-12.254,134.115,8,2022,1
-12.254,134.673,8,2022,2
-12.253,131.281,9,2021,1
-12.253,134.113,8,2022,1
-12.253,134.116,8,2022,1
-12.253,134.117,8,2022,1
-12.253,134.673,8,2022,2
-12.252,131.273,9,2021,1
-12.252,134.118,8,2022,1
-12.252,134.673,8,2022,1
-12.251,134.122,8,2022,1
-12.251,134.123,8,2022,1
-12.25,134.121,8,2022,1
-12.25,134.667,8,2022,1
-12.25,134.669,8,2022,2
-12.25,134.67,8,2022,1
-12.249,134.127,8,2022,1
-12.249,134.666,8,2022,2
-12.249,134.668,8,2022,2
-12.248,134.663,8,2022,2
-12.248,134.664,8,2022,1
-12.246,134.129,8,2022,1
-12.246,134.13,8,2022,1
-12.246,134.664,8,2022,1
-12.244,134.132,8,2022,1
-12.244,134.666,8,2022,3
-12.243,134.133,8,2022,1
-12.243,134.667,8,2022,3
-12.241,134.134,8,2022,2
-12.24,134.667,8,2022,2
-12.239,134.133,8,2022,2
-12.239,134.245,8,2022,1
-12.238,134.242,8,2022,1
-12.238,134.256,8,2022,1
-12.238,134.668,8,2022,2
-12.237,134.668,8,2022,1
-12.236,131.262,7,2022,1
-12.235,131.258,9,2021,1
-12.234,134.666,8,2022,2
-12.233,134.132,8,2022,1
-12.233,134.665,8,2022,1
-12.232,134.664,8,2022,2
-12.232,134.665,8,2022,1
-12.231,134.246,8,2022,1
-12.23,134.663,8,2022,2
-12.229,134.13,8,2022,2
-12.228,131.251,9,2021,1
-12.228,134.66,8,2022,3
-12.228,134.661,8,2022,1
-12.227,134.657,8,2022,1
-12.227,134.658,8,2022,1
-12.226,131.253,9,2021,1
-12.226,134.134,8,2022,1
-12.226,134.656,8,2022,1
-12.225,134.653,8,2022,1
-12.225,134.655,8,2022,2
-12.224,134.652,8,2022,2
-12.224,134.654,8,2022,1
-12.223,131.241,7,2022,1
-12.223,134.133,8,2022,1
-12.223,134.65,8,2022,1
-12.223,134.651,8,2022,1
-12.223,134.652,8,2022,3
-12.222,134.133,8,2022,2
-12.222,134.25,8,2022,2
-12.222,134.649,8,2022,1
-12.221,134.255,8,2022,2
-12.221,134.648,8,2022,3
-12.22,131.247,9,2021,1
-12.22,134.248,8,2022,1
-12.22,134.643,8,2022,3
-12.22,134.644,8,2022,1
-12.22,134.646,8,2022,1
-12.22,134.647,8,2022,2
-12.219,131.246,9,2021,1
-12.218,134.132,8,2022,1
-12.218,134.239,8,2022,1
-12.218,134.642,8,2022,2
-12.217,134.245,8,2022,1
-12.217,134.246,8,2022,1
-12.217,134.25,8,2022,1
-12.217,134.641,8,2022,1
-12.216,134.259,8,2022,1
-12.215,134.132,8,2022,1
-12.213,134.13,8,2022,2
-12.213,134.24,8,2022,1
-12.213,134.247,8,2022,1
-12.213,134.643,8,2022,2
-12.213,134.644,8,2022,2
-12.212,134.241,8,2022,1
-12.212,134.242,8,2022,1
-12.212,134.261,8,2022,1
-12.212,134.263,8,2022,1
-12.211,134.243,8,2022,1
-12.211,134.644,8,2022,2
-12.21,134.135,8,2022,1
-12.21,134.136,8,2022,1
-12.21,134.639,8,2022,2
-12.21,134.64,8,2022,1
-12.21,134.641,8,2022,1
-12.21,134.643,8,2022,1
-12.21,134.644,8,2022,2
-12.209,134.634,8,2022,3
-12.209,134.637,8,2022,1
-12.208,134.136,8,2022,2
-12.208,134.628,8,2022,2
-12.207,134.13,8,2022,1
-12.206,134.13,8,2022,4
-12.206,134.252,8,2022,1
-12.206,134.626,8,2022,2
-12.205,134.254,8,2022,1
-12.205,134.623,8,2022,2
-12.204,134.628,8,2022,4
-12.203,134.123,8,2022,1
-12.203,134.136,8,2022,1
-12.203,134.623,8,2022,1
-12.203,134.626,8,2022,1
-12.202,134.124,8,2022,1
-12.202,134.624,8,2022,2
-12.202,134.626,8,2022,1
-12.201,134.253,8,2022,1
-12.201,134.628,8,2022,1
-12.2,134.126,8,2022,1
-12.2,134.127,8,2022,1
-12.2,134.247,8,2022,1
-12.2,134.256,8,2022,1
-12.2,134.258,8,2022,1
-12.2,134.504,8,2022,1
-12.2,134.505,8,2022,2
-12.2,134.627,8,2022,1
-12.199,134.128,8,2022,1
-12.199,134.13,8,2022,1
-12.199,134.134,8,2022,1
-12.199,134.506,8,2022,1
-12.199,134.513,8,2022,1
-12.198,134.138,8,2022,1
-12.198,134.252,8,2022,2
-12.198,134.622,8,2022,1
-12.198,134.624,8,2022,1
-12.197,134.121,8,2022,1
-12.197,134.139,8,2022,1
-12.197,134.521,8,2022,1
-12.197,134.619,8,2022,3
-12.197,134.62,8,2022,2
-12.196,134.137,8,2022,1
-12.196,134.14,8,2022,1
-12.196,134.247,8,2022,1
-12.196,134.504,8,2022,1
-12.196,134.617,8,2022,4
-12.195,134.247,8,2022,1
-12.195,134.5,8,2022,1
-12.195,134.518,8,2022,1
-12.195,134.519,8,2022,1
-12.195,134.522,8,2022,1
-12.195,134.615,8,2022,1
-12.194,134.129,8,2022,1
-12.194,134.499,8,2022,1
-12.194,134.504,8,2022,1
-12.194,134.505,8,2022,1
-12.194,134.615,8,2022,1
-12.193,134.498,8,2022,2
-12.193,134.502,8,2022,1
-12.193,134.517,8,2022,1
-12.193,134.556,8,2022,1
-12.193,134.61,8,2022,1
-12.193,134.613,8,2022,1
-12.192,134.497,8,2022,2
-12.192,134.556,8,2022,1
-12.192,134.581,8,2022,1
-12.191,134.253,8,2022,1
-12.191,134.516,8,2022,2
-12.191,134.524,8,2022,2
-12.191,134.525,8,2022,3
-12.191,134.527,8,2022,2
-12.191,134.546,8,2022,1
-12.191,134.58,8,2022,1
-12.191,134.584,8,2022,1
-12.19,134.585,8,2022,2
-12.19,134.606,8,2022,3
-12.189,134.138,8,2022,1
-12.189,134.579,8,2022,3
-12.189,134.585,8,2022,1
-12.188,134.561,8,2022,1
-12.188,134.584,8,2022,1
-12.187,134.517,8,2022,1
-12.187,134.527,8,2022,1
-12.187,134.541,8,2022,1
-12.187,134.552,8,2022,1
-12.187,134.563,8,2022,1
-12.187,134.566,8,2022,1
-12.187,134.582,8,2022,2
-12.187,134.584,8,2022,1
-12.186,134.124,8,2022,1
-12.186,134.513,8,2022,1
-12.186,134.515,8,2022,2
-12.186,134.537,8,2022,1
-12.186,134.556,8,2022,2
-12.186,134.557,8,2022,1
-12.186,134.558,8,2022,1
-12.186,134.569,8,2022,1
-12.186,134.575,8,2022,1
-12.186,134.608,8,2022,1
-12.185,134.514,8,2022,1
-12.185,134.56,8,2022,1
-12.185,134.573,8,2022,1
-12.185,134.608,8,2022,1
-12.184,134.533,8,2022,1
-12.184,134.555,8,2022,1
-12.184,134.56,8,2022,1
-12.184,134.581,8,2022,1
-12.184,134.604,8,2022,1
-12.184,134.606,8,2022,1
-12.183,134.137,8,2022,1
-12.183,134.549,8,2022,1
-12.183,134.56,8,2022,1
-12.183,134.561,8,2022,1
-12.183,134.602,8,2022,1
-12.183,134.603,8,2022,1
-12.183,134.604,8,2022,1
-12.182,134.134,8,2022,1
-12.182,134.556,8,2022,1
-12.182,134.563,8,2022,1
-12.182,134.602,8,2022,1
-12.181,134.129,8,2022,1
-12.181,134.231,8,2022,1
-12.181,134.549,8,2022,1
-12.181,134.556,8,2022,1
-12.181,134.564,8,2022,1
-12.181,134.573,8,2022,3
-12.181,134.579,8,2022,1
-12.181,134.58,8,2022,1
-12.181,134.601,8,2022,2
-12.181,134.602,8,2022,1
-12.18,134.228,8,2022,1
-12.18,134.555,8,2022,1
-12.18,134.564,8,2022,2
-12.18,134.576,8,2022,1
-12.179,134.234,8,2022,1
-12.179,134.559,8,2022,1
-12.179,134.56,8,2022,3
-12.179,134.572,8,2022,1
-12.179,134.577,8,2022,1
-12.179,134.578,8,2022,2
-12.179,134.579,8,2022,1
-12.178,134.129,8,2022,1
-12.178,134.563,8,2022,1
-12.178,134.564,8,2022,1
-12.178,134.572,8,2022,1
-12.177,134.138,8,2022,2
-12.177,134.245,8,2022,2
-12.177,134.573,8,2022,1
-12.176,134.125,8,2022,1
-12.176,134.132,8,2022,2
-12.176,134.135,8,2022,1
-12.176,134.224,8,2022,1
-12.176,134.6,8,2022,2
-12.175,134.598,8,2022,1
-12.174,134.223,8,2022,1
-12.174,134.233,8,2022,1
-12.174,134.241,8,2022,1
-12.174,134.597,8,2022,1
-12.173,134.573,8,2022,2
-12.173,134.581,8,2022,1
-12.172,134.574,8,2022,1
-12.172,134.586,8,2022,1
-12.172,134.592,8,2022,2
-12.172,134.593,8,2022,1
-12.171,134.125,8,2022,2
-12.171,134.126,8,2022,1
-12.171,134.147,8,2022,1
-12.171,134.148,8,2022,1
-12.171,134.575,8,2022,1
-12.171,134.581,8,2022,1
-12.171,134.583,8,2022,1
-12.171,134.586,8,2022,1
-12.171,134.587,8,2022,1
-12.17,134.152,8,2022,2
-12.17,134.576,8,2022,1
-12.17,134.58,8,2022,1
-12.169,134.156,8,2022,1
-12.169,134.58,8,2022,1
-12.168,134.128,8,2022,1
-12.168,134.578,8,2022,3
-12.168,134.582,8,2022,1
-12.167,134.129,8,2022,1
-12.167,134.144,8,2022,1
-12.166,134.225,8,2022,2
-12.166,134.226,8,2022,1
-12.166,134.584,8,2022,1
-12.165,134.159,8,2022,1
-12.164,134.16,8,2022,1
-12.164,134.231,8,2022,1
-12.164,134.587,8,2022,1
-12.164,134.588,8,2022,1
-12.163,134.593,8,2022,1
-12.162,134.126,8,2022,1
-12.161,134.127,8,2022,1
-12.161,134.594,8,2022,1
-12.16,134.163,8,2022,1
-12.158,134.222,8,2022,1
-12.158,134.595,8,2022,3
-12.157,134.138,8,2022,1
-12.157,134.593,8,2022,1
-12.156,134.22,8,2022,1
-12.155,134.124,8,2022,1
-12.155,134.171,8,2022,1
-12.154,134.124,8,2022,2
-12.154,134.217,8,2022,1
-12.153,134.132,8,2022,1
-12.153,134.173,8,2022,1
-12.152,134.124,8,2022,2
-12.152,134.131,8,2022,2
-12.152,134.169,8,2022,1
-12.152,134.219,8,2022,1
-12.15,134.123,8,2022,1
-12.15,134.593,8,2022,1
-12.149,134.13,8,2022,1
-12.149,134.173,8,2022,1
-12.149,134.207,8,2022,1
-12.149,134.221,8,2022,1
-12.148,134.128,8,2022,2
-12.148,134.204,8,2022,1
-12.148,134.59,8,2022,1
-12.147,134.123,8,2022,1
-12.147,134.174,8,2022,1
-12.147,134.216,8,2022,1
-12.146,134.124,8,2022,2
-12.146,134.127,8,2022,1
-12.146,134.128,8,2022,1
-12.146,134.215,8,2022,1
-12.146,134.216,8,2022,1
-12.146,134.589,8,2022,1
-12.145,134.198,8,2022,1
-12.145,134.204,8,2022,1
-12.145,134.213,8,2022,2
-12.145,134.587,8,2022,1
-12.144,134.194,8,2022,1
-12.144,134.195,8,2022,1
-12.144,134.206,8,2022,1
-12.144,134.587,8,2022,1
-12.143,134.589,8,2022,1
-12.142,134.194,8,2022,1
-12.142,134.594,8,2022,1
-12.142,134.595,8,2022,1
-12.141,134.595,8,2022,1
-12.14,134.199,8,2022,1
-12.139,134.182,8,2022,2
-12.138,134.183,8,2022,1
-12.138,134.597,8,2022,1
-12.137,134.2,8,2022,1
-12.137,134.201,8,2022,1
-12.137,134.203,8,2022,2
-12.136,134.591,8,2022,1
-12.135,134.593,8,2022,1
-12.135,134.594,8,2022,1
-12.131,134.585,8,2022,1
-12.13,134.585,8,2022,1
-12.129,134.587,8,2022,1
-12.126,134.577,8,2022,1
-12.126,134.58,8,2022,1
-12.126,134.584,8,2022,1
-12.123,134.577,8,2022,1
-12.121,134.589,8,2022,1
-12.119,134.584,8,2022,1
-12.119,134.585,8,2022,1
-12.119,134.588,8,2022,1
-12.115,134.592,8,2022,1
-12.107,134.593,8,2022,1
-12.105,134.593,8,2022,1
-12.104,134.593,8,2022,1
-12.103,134.593,8,2022,1
-12.101,134.596,8,2022,1
-12.099,134.597,8,2022,2
-12.098,134.598,8,2022,1
-12.098,134.599,8,2022,1
-12.093,134.607,8,2022,1
-12.092,134.608,8,2022,1
-12.08,134.607,8,2022,2
-12.076,134.602,8,2022,1
-12.069,134.587,8,2022,1
-11.422,132.176,8,2022,1
-11.42,132.175,8,2022,1
-11.42,132.176,8,2022,1
-11.417,132.212,8,2022,1
-11.416,132.21,8,2022,1
-11.414,132.167,8,2022,1
-11.414,132.208,8,2022,1
-11.413,132.169,8,2022,1
-11.412,132.16,8,2022,1
-11.411,132.207,8,2022,1
-11.41,132.207,8,2022,1
-11.408,132.207,8,2022,1
-11.406,132.208,8,2022,1
-11.402,132.178,8,2022,1
-11.399,132.206,8,2022,1
-11.398,132.176,8,2022,1
-11.398,132.199,8,2022,1
-11.391,132.198,8,2022,1
-11.39,132.197,8,2022,1
-11.383,132.149,8,2022,1
-11.382,132.199,8,2022,1
-11.381,132.189,8,2022,3
-11.381,132.198,8,2022,1
-11.377,132.148,8,2022,1
-11.374,132.154,8,2022,1
-11.369,132.218,8,2022,1
-11.366,132.229,8,2022,1
-11.364,132.23,8,2022,1
-11.363,132.154,8,2022,1
-11.361,132.206,8,2022,2
-11.359,132.231,8,2022,1
-11.358,132.207,8,2022,1
-11.355,132.149,8,2022,1
-11.353,132.124,8,2022,1
-11.351,132.123,8,2022,1
-11.347,132.123,8,2022,1
-11.346,132.123,8,2022,1
-11.345,132.236,8,2022,1
-11.343,132.119,8,2022,1
-11.343,132.237,8,2022,2
-11.341,132.151,8,2022,1
-11.34,132.113,8,2022,1
-11.337,132.235,8,2022,1
-11.334,132.15,8,2022,2
-11.332,132.124,8,2022,1
-11.332,132.226,8,2022,1
-11.33,132.23,8,2022,2
-11.327,132.228,8,2022,1
-11.323,132.125,8,2022,1
-11.323,132.172,8,2022,1
-11.322,132.228,8,2022,1
-11.321,132.225,8,2022,1
-11.32,132.124,8,2022,1
-11.319,132.105,8,2022,1
-11.318,132.108,8,2022,1
-11.318,132.124,8,2022,1
-11.317,132.182,8,2022,1
-11.308,132.207,8,2022,1
-11.303,132.192,8,2022,1
-11.302,132.193,8,2022,1
-11.302,132.198,8,2022,1
-11.294,132.105,8,2022,1
-11.276,132.195,8,2022,1
-11.274,132.194,8,2022,1
-11.242,132.205,8,2022,1
-11.242,132.206,8,2022,2
-11.24,132.2,8,2022,1
-11.234,132.2,8,2022,1
-11.231,132.201,8,2022,1
-11.22,132.082,8,2022,1
-11.212,132.115,8,2022,1
-11.206,132.193,8,2022,1
-11.196,132.176,8,2022,1
-11.177,132.161,8,2022,1
-11.174,132.162,8,2022,1
-11.135,132.144,8,2022,1
